fill,run,LS,avgpu
5856,297281,27,46.0
5856,297281,28,46.0
5856,297281,29,45.9
5856,297281,30,45.9
5856,297281,31,45.9
5856,297281,32,45.9
5856,297281,33,45.8
5856,297281,34,45.8
5856,297281,35,45.8
5856,297281,36,45.6
5856,297281,37,45.7
5856,297281,38,45.6
5856,297281,39,45.6
5856,297281,40,45.5
5856,297281,41,45.5
5856,297281,42,45.5
5856,297281,43,45.5
5856,297281,44,45.4
5856,297281,45,45.4
5856,297281,46,45.3
5856,297281,47,45.3
5856,297281,48,45.3
5856,297281,49,45.2
5856,297281,50,45.2
5856,297281,51,45.1
5856,297281,52,45.1
5856,297281,53,45.1
5856,297281,54,45.0
5856,297281,55,45.0
5856,297281,56,45.0
5856,297281,57,44.9
5856,297281,58,44.9
5856,297281,59,44.8
5856,297281,60,44.8
5856,297281,61,44.7
5856,297281,62,44.7
5856,297281,63,44.7
5856,297281,64,44.6
5856,297281,65,44.6
5856,297281,66,44.6
5856,297281,67,44.5
5856,297281,68,44.5
5856,297281,69,44.4
5856,297281,70,44.4
5856,297281,71,44.4
5856,297281,72,44.4
5856,297281,73,44.3
5856,297281,74,44.3
5856,297281,75,44.3
5856,297282,1,44.6
5856,297282,2,44.5
5856,297282,3,44.5
5856,297282,4,44.5
5856,297282,5,44.5
5856,297282,6,44.5
5856,297282,7,44.4
5856,297282,8,44.5
5856,297282,9,44.4
5856,297282,10,44.4
5856,297282,11,44.4
5856,297282,12,44.3
5856,297282,13,44.3
5856,297282,14,44.3
5856,297282,15,44.2
5856,297282,16,44.2
5856,297283,1,43.9
5856,297283,2,43.9
5856,297283,3,43.9
5856,297283,4,43.8
5856,297283,5,43.8
5856,297283,6,43.8
5856,297283,7,43.8
5856,297283,8,43.7
5856,297283,9,43.7
5856,297283,10,43.7
5856,297283,11,43.7
5856,297283,12,43.7
5856,297283,13,43.6
5856,297283,14,43.6
5856,297283,15,43.6
5856,297283,16,43.6
5856,297284,1,43.3
5856,297284,2,43.2
5856,297284,3,43.3
5856,297284,4,43.2
5856,297284,5,43.2
5856,297284,6,43.2
5856,297284,7,43.2
5856,297284,8,43.1
5856,297284,9,43.1
5856,297284,10,43.1
5856,297284,11,43.1
5856,297284,12,43.1
5856,297284,13,42.9
5856,297284,14,43.1
5856,297284,15,43.0
5856,297284,16,43.0
5856,297285,1,42.7
5856,297285,2,42.6
5856,297285,3,42.7
5856,297285,4,17.4
5856,297285,5,15.4
5856,297285,6,33.2
5856,297285,7,32.8
5856,297285,8,14.2
5856,297285,9,4.3
5856,297285,10,4.4
5856,297285,11,31.8
5856,297285,12,42.5
5856,297285,13,18.9
5856,297285,14,5.3
5856,297285,15,42.5
5856,297285,16,42.4
5856,297285,17,42.5
5856,297285,18,42.5
5856,297285,19,42.5
5856,297285,20,42.4
5856,297286,1,42.0
5856,297286,2,42.0
5856,297286,3,42.0
5856,297286,4,41.9
5856,297286,5,41.9
5856,297286,6,41.9
5856,297286,7,41.9
5856,297286,8,41.9
5856,297286,9,41.9
5856,297286,10,41.9
5856,297286,11,41.8
5856,297286,12,41.8
5856,297286,13,41.8
5856,297286,14,41.6
5856,297286,15,41.8
5856,297286,16,41.8
5856,297286,17,41.7
5856,297286,18,41.7
5856,297286,19,41.6
5856,297286,20,41.7
5856,297286,21,41.6
5856,297287,1,41.4
5856,297287,2,41.4
5856,297287,3,41.4
5856,297287,4,41.4
5856,297287,5,41.3
5856,297287,6,41.3
5856,297287,7,41.3
5856,297287,8,41.3
5856,297287,9,41.2
5856,297287,10,41.2
5856,297287,11,41.2
5856,297287,12,41.2
5856,297287,13,41.2
5856,297287,14,41.1
5856,297287,15,41.1
5856,297287,16,41.1
5856,297288,1,40.9
5856,297288,2,40.8
5856,297288,3,40.8
5856,297288,4,40.8
5856,297288,5,40.8
5856,297288,6,40.8
5856,297288,7,40.8
5856,297288,8,40.8
5856,297288,9,40.8
5856,297288,10,40.7
5856,297288,11,40.7
5856,297288,12,40.7
5856,297288,13,40.7
5856,297288,14,40.7
5856,297288,15,40.7
5856,297289,1,40.3
5856,297289,2,40.4
5856,297289,3,40.3
5856,297289,4,40.3
5856,297289,5,40.3
5856,297289,6,40.2
5856,297289,7,40.2
5856,297289,8,40.2
5856,297289,9,40.2
5856,297289,10,40.2
5856,297289,11,40.2
5856,297289,12,40.1
5856,297289,13,40.2
5856,297289,14,40.1
5856,297289,15,40.1
5856,297290,1,35.6
5856,297290,2,37.6
5856,297290,3,39.9
5856,297290,4,39.9
5856,297290,5,39.9
5856,297290,6,39.9
5856,297290,7,39.9
5856,297290,8,39.8
5856,297290,9,39.8
5856,297290,10,39.8
5856,297290,11,39.8
5856,297290,12,39.8
5856,297290,13,39.8
5856,297290,14,39.8
5856,297290,15,39.7
5856,297291,1,39.5
5856,297291,2,39.5
5856,297291,3,39.5
5856,297291,4,39.5
5856,297291,5,39.5
5856,297291,6,39.4
5856,297291,7,39.4
5856,297291,8,39.4
5856,297291,9,39.4
5856,297291,10,39.4
5856,297291,11,39.4
5856,297291,12,39.3
5856,297291,13,39.3
5856,297291,14,39.3
5856,297291,15,39.2
5856,297291,16,39.2
5856,297291,17,39.2
5856,297292,1,39.0
5856,297292,2,39.0
5856,297292,3,39.0
5856,297292,4,39.0
5856,297292,5,38.9
5856,297292,6,38.9
5856,297292,7,38.9
5856,297292,8,38.9
5856,297292,9,38.9
5856,297292,10,38.9
5856,297292,11,38.9
5856,297292,12,38.8
5856,297292,13,38.8
5856,297292,14,38.8
5856,297292,15,38.8
5856,297292,16,38.8
5856,297292,17,38.8
5856,297292,18,38.7
5856,297292,19,38.7
5856,297292,20,38.7
5856,297292,21,38.7
5856,297292,22,38.7
5856,297292,23,38.7
5856,297292,24,38.6
5856,297292,25,38.6
5856,297292,26,38.6
5856,297292,27,38.6
5856,297292,28,38.6
5856,297292,29,38.4
5856,297292,30,38.6
5856,297292,31,38.5
5856,297292,32,38.5
5856,297292,33,38.5
5856,297292,34,38.5
5856,297292,35,38.5
5856,297292,36,38.4
5856,297292,37,38.4
5856,297292,38,38.4
5856,297292,39,38.4
5856,297292,40,38.4
5856,297292,41,38.3
5856,297292,42,38.3
5856,297292,43,38.2
5856,297292,44,38.3
5856,297292,45,38.3
5856,297292,46,38.3
5856,297292,47,38.3
5856,297292,48,38.3
5856,297292,49,38.2
5856,297292,50,38.2
5856,297292,51,38.2
5856,297292,52,38.2
5856,297292,53,38.2
5856,297292,54,38.1
5856,297292,55,38.1
5856,297292,56,38.1
5856,297292,57,38.1
5856,297292,58,38.0
5856,297292,59,38.1
5856,297292,60,38.0
5856,297292,61,38.0
5856,297292,62,38.0
5856,297292,63,38.0
5856,297292,64,38.0
5856,297292,65,37.9
5856,297292,66,38.0
5856,297292,67,37.9
5856,297292,68,37.9
5856,297292,69,37.8
5856,297292,70,37.9
5856,297292,71,37.9
5856,297292,72,37.8
5856,297292,73,37.8
5856,297292,74,37.8
5856,297292,75,37.8
5856,297292,76,37.7
5856,297292,77,37.8
5856,297292,78,37.7
5856,297292,79,37.7
5856,297292,80,37.7
5856,297292,81,37.7
5856,297292,82,37.7
5856,297292,83,37.6
5856,297292,84,37.7
5856,297292,85,37.6
5856,297292,86,37.6
5856,297292,87,37.6
5856,297292,88,37.5
5856,297292,89,37.5
5856,297292,90,38.4
5856,297292,91,36.7
5856,297292,92,38.3
5856,297292,93,38.3
5856,297292,94,38.3
5856,297292,95,38.3
5856,297292,96,38.4
5856,297292,97,38.4
5856,297292,98,38.4
5856,297292,99,38.4
5856,297292,100,38.4
5856,297292,101,38.4
5856,297292,102,38.3
5856,297292,103,38.3
5856,297292,104,38.3
5856,297292,105,38.3
5856,297292,106,38.2
5856,297292,107,38.2
5856,297292,108,38.2
5856,297292,109,38.2
5856,297292,110,38.2
5856,297292,111,38.2
5856,297292,112,38.1
5856,297292,113,38.1
5856,297292,114,38.1
5856,297292,115,38.1
5856,297292,116,38.1
5856,297292,117,38.0
5856,297292,118,38.0
5856,297292,119,38.0
5856,297292,120,38.0
5856,297292,121,38.1
5856,297292,122,38.0
5856,297292,123,38.0
5856,297292,124,37.9
5856,297292,125,37.9
5856,297292,126,37.9
5856,297292,127,37.9
5856,297292,128,37.9
5856,297292,129,37.9
5856,297292,130,37.8
5856,297292,131,37.8
5856,297292,132,37.8
5856,297292,133,37.9
5856,297292,134,37.8
5856,297292,135,37.8
5856,297292,136,37.8
5856,297292,137,37.7
5856,297292,138,37.7
5856,297292,139,37.7
5856,297292,140,37.7
5856,297292,141,37.7
5856,297292,142,37.7
5856,297292,143,37.6
5856,297292,144,37.6
5856,297292,145,37.6
5856,297292,146,37.6
5856,297292,147,37.5
5856,297292,148,37.5
5856,297292,149,37.5
5856,297292,150,37.5
5856,297292,151,37.5
5856,297292,152,37.5
5856,297292,153,37.4
5856,297292,154,37.4
5856,297292,155,37.4
5856,297292,156,37.4
5856,297292,157,37.4
5856,297292,158,37.4
5856,297292,159,37.4
5856,297292,160,37.4
5856,297292,161,37.4
5856,297292,162,37.3
5856,297292,163,37.3
5856,297292,164,37.3
5856,297292,165,37.3
5856,297292,166,37.3
5856,297292,167,37.2
5856,297292,168,37.2
5856,297292,169,37.2
5856,297292,170,37.2
5856,297292,171,37.1
5856,297292,172,37.1
5856,297292,173,37.1
5856,297292,174,37.1
5856,297292,175,37.1
5856,297292,176,37.1
5856,297292,177,37.1
5856,297292,178,37.1
5856,297292,179,37.1
5856,297292,180,37.0
5856,297292,181,37.0
5856,297292,182,37.0
5856,297292,183,37.0
5856,297292,184,37.0
5856,297292,185,36.9
5856,297292,186,36.9
5856,297292,187,36.9
5856,297292,188,36.9
5856,297292,189,36.9
5856,297292,190,36.9
5856,297292,191,36.8
5856,297292,192,36.8
5856,297292,193,36.8
5856,297292,194,36.8
5856,297292,195,36.7
5856,297292,196,36.7
5856,297292,197,36.7
5856,297292,198,36.7
5856,297292,199,36.7
5856,297292,200,36.7
5856,297292,201,36.7
5856,297292,202,36.7
5856,297292,203,36.6
5856,297292,204,36.6
5856,297292,205,36.6
5856,297292,206,36.6
5856,297292,207,36.6
5856,297292,208,36.6
5856,297292,209,36.5
5856,297292,210,36.5
5856,297292,211,36.5
5856,297292,212,36.5
5856,297292,213,36.5
5856,297292,214,36.5
5856,297292,215,36.4
5856,297292,216,36.4
5856,297292,217,36.4
5856,297292,218,36.4
5856,297292,219,36.4
5856,297292,220,36.4
5856,297292,221,36.4
5856,297292,222,36.3
5856,297292,223,36.3
5856,297292,224,36.3
5856,297292,225,36.3
5856,297292,226,36.3
5856,297292,227,36.3
5856,297292,228,36.3
5856,297292,229,36.3
5856,297292,230,36.2
5856,297292,231,36.2
5856,297292,232,36.2
5856,297292,233,36.2
5856,297292,234,36.2
5856,297292,235,36.1
5856,297292,236,36.1
5856,297292,237,36.1
5856,297292,238,36.1
5856,297292,239,36.1
5856,297292,240,36.1
5856,297292,241,36.0
5856,297292,242,36.0
5856,297292,243,36.0
5856,297292,244,36.0
5856,297292,245,36.0
5856,297292,246,36.0
5856,297292,247,35.9
5856,297292,248,36.0
5856,297292,249,35.9
5856,297292,250,35.9
5856,297292,251,35.9
5856,297292,252,35.9
5856,297292,253,35.9
5856,297292,254,35.9
5856,297292,255,35.8
5856,297292,256,35.8
5856,297292,257,35.8
5856,297292,258,35.8
5856,297292,259,35.8
5856,297292,260,35.8
5856,297292,261,35.7
5856,297292,262,35.7
5856,297292,263,35.7
5856,297292,264,35.7
5856,297292,265,35.7
5856,297292,266,35.7
5856,297292,267,35.4
5856,297292,268,35.6
5856,297292,269,35.6
5856,297292,270,35.6
5856,297292,271,35.6
5856,297292,272,35.6
5856,297292,273,35.6
5856,297292,274,35.5
5856,297292,275,35.5
5856,297292,276,35.5
5856,297292,277,35.5
5856,297292,278,35.5
5856,297292,279,35.5
5856,297292,280,35.5
5856,297292,281,35.5
5856,297292,282,35.4
5856,297292,283,35.4
5856,297292,284,35.4
5856,297292,285,35.4
5856,297292,286,35.4
5856,297292,287,35.4
5856,297292,288,35.3
5856,297292,289,35.3
5856,297292,290,35.3
5856,297292,291,35.3
5856,297292,292,35.3
5856,297292,293,35.3
5856,297292,294,35.3
5856,297292,295,35.3
5856,297292,296,35.2
5856,297292,297,35.2
5856,297292,298,35.2
5856,297292,299,35.2
5856,297292,300,35.2
5856,297292,301,35.2
5856,297292,302,35.2
5856,297292,303,35.1
5856,297292,304,35.1
5856,297292,305,35.1
5856,297292,306,35.1
5856,297292,307,35.0
5856,297292,308,35.1
5856,297292,309,35.0
5856,297292,310,35.1
5856,297292,311,35.0
5856,297292,312,35.0
5856,297292,313,35.0
5856,297292,314,35.0
5856,297292,315,34.9
5856,297292,316,34.9
5856,297292,317,34.9
5856,297292,318,34.9
5856,297292,319,34.9
5856,297292,320,34.9
5856,297292,321,34.9
5856,297292,322,34.8
5856,297292,323,34.8
5856,297292,324,34.8
5856,297292,325,34.8
5856,297292,326,34.8
5856,297292,327,34.8
5856,297292,328,34.8
5856,297292,329,34.8
5856,297292,330,34.7
5856,297292,331,34.7
5856,297292,332,34.7
5856,297292,333,34.7
5856,297292,334,34.7
5856,297292,335,34.7
5856,297292,336,34.6
5856,297292,337,34.6
5856,297292,338,34.6
5856,297292,339,34.6
5856,297292,340,34.6
5856,297292,341,34.6
5856,297292,342,34.5
5856,297292,343,34.6
5856,297292,344,34.5
5856,297292,345,34.6
5856,297292,346,34.5
5856,297292,347,34.5
5856,297292,348,34.5
5856,297292,349,34.5
5856,297292,350,34.5
5856,297292,351,34.4
5856,297292,352,34.5
5856,297292,353,34.4
5856,297292,354,34.4
5856,297292,355,34.4
5856,297292,356,34.4
5856,297292,357,34.4
5856,297292,358,34.4
5856,297292,359,34.4
5856,297292,360,34.3
5856,297292,361,34.3
5856,297292,362,34.3
5856,297292,363,34.3
5856,297292,364,34.3
5856,297292,365,34.3
5856,297292,366,34.2
5856,297292,367,34.2
5856,297292,368,34.2
5856,297292,369,34.3
5856,297292,370,34.2
5856,297292,371,34.2
5856,297292,372,34.2
5856,297292,373,34.1
5856,297292,374,34.1
5856,297292,375,34.1
5856,297292,376,34.1
5856,297292,377,34.1
5856,297292,378,34.1
5856,297292,379,34.1
5856,297292,380,34.1
5856,297292,381,34.1
5856,297292,382,34.0
5856,297292,383,33.9
5856,297292,384,34.0
5856,297292,385,34.0
5856,297292,386,34.0
5856,297292,387,33.9
5856,297292,388,33.9
5856,297292,389,33.9
5856,297292,390,33.9
5856,297292,391,33.9
5856,297292,392,33.9
5856,297292,393,33.9
5856,297292,394,33.9
5856,297292,395,33.8
5856,297292,396,33.8
5856,297292,397,33.8
5856,297292,398,33.8
5856,297292,399,33.8
5856,297292,400,33.8
5856,297292,401,33.7
5856,297292,402,33.8
5856,297292,403,33.7
5856,297292,404,33.7
5856,297292,405,33.7
5856,297292,406,33.7
5856,297292,407,33.6
5856,297292,408,33.7
5856,297292,409,33.6
5856,297292,410,33.6
5856,297292,411,33.6
5856,297292,412,33.6
5856,297292,413,33.5
5856,297292,414,33.5
5856,297292,415,33.5
5856,297292,416,33.5
5856,297292,417,33.5
5856,297292,418,33.5
5856,297292,419,33.5
5856,297292,420,33.4
5856,297292,421,33.4
5856,297292,422,33.4
5856,297292,423,33.4
5856,297292,424,33.3
5856,297292,425,33.4
5856,297292,426,33.4
5856,297292,427,33.4
5856,297292,428,33.3
5856,297292,429,33.3
5856,297292,430,33.3
5856,297292,431,33.3
5856,297292,432,33.3
5856,297292,433,33.3
5856,297292,434,33.3
5856,297292,435,33.3
5856,297292,436,33.2
5856,297292,437,33.2
5856,297292,438,33.2
5856,297292,439,33.2
5856,297292,440,33.2
5856,297292,441,33.2
5856,297292,442,33.2
5856,297292,443,33.2
5856,297292,444,33.1
5856,297292,445,33.1
5856,297292,446,33.1
5856,297292,447,33.1
5856,297292,448,33.1
5856,297292,449,33.1
5856,297292,450,33.1
5856,297292,451,33.0
5856,297292,452,33.0
5856,297292,453,33.0
5856,297292,454,33.0
5856,297292,455,33.0
5856,297292,456,33.0
5856,297292,457,33.0
5856,297292,458,33.0
5856,297292,459,32.9
5856,297292,460,32.9
5856,297292,461,32.9
5856,297292,462,32.9
5856,297292,463,32.9
5856,297292,464,32.9
5856,297292,465,32.9
5856,297292,466,32.8
5856,297292,467,32.8
5856,297292,468,32.8
5856,297292,469,32.8
5856,297292,470,32.8
5856,297292,471,32.8
5856,297292,472,32.8
5856,297292,473,32.8
5856,297292,474,32.7
5856,297292,475,32.7
5856,297292,476,32.7
5856,297292,477,32.7
5856,297292,478,32.7
5856,297292,479,32.7
5856,297292,480,32.7
5856,297292,481,32.6
5856,297292,482,32.6
5856,297292,483,32.6
5856,297292,484,32.6
5856,297292,485,32.6
5856,297292,486,32.6
5856,297292,487,32.6
5856,297292,488,32.6
5856,297292,489,32.5
5856,297292,490,32.5
5856,297292,491,32.5
5856,297292,492,32.5
5856,297292,493,32.5
5856,297292,494,32.5
5856,297292,495,32.5
5856,297292,496,32.5
5856,297292,497,32.4
5856,297292,498,32.4
5856,297292,499,32.4
5856,297292,500,32.4
5856,297292,501,32.4
5856,297292,502,32.4
5856,297292,503,32.3
5856,297292,504,32.3
5856,297292,505,32.3
5856,297292,506,32.3
5856,297292,507,32.3
5856,297292,508,32.2
5856,297292,509,32.3
5856,297292,510,32.2
5856,297292,511,32.2
5856,297292,512,32.2
5856,297292,513,32.2
5856,297292,514,32.2
5856,297292,515,32.2
5856,297292,516,32.2
5856,297292,517,32.2
5856,297292,518,32.2
5856,297292,519,32.1
5856,297292,520,32.1
5856,297292,521,32.1
5856,297292,522,32.1
5856,297292,523,32.1
5856,297292,524,32.1
5856,297292,525,32.0
5856,297292,526,32.0
5856,297292,527,32.0
5856,297292,528,32.4
5856,297292,529,32.6
5856,297292,530,32.6
5856,297292,531,32.6
5856,297292,532,32.1
5856,297292,533,31.9
5856,297292,534,29.3
5856,297292,535,30.7
5856,297292,536,32.7
5856,297292,537,32.7
5856,297292,538,32.7
5856,297292,539,32.7
5856,297292,540,32.7
5856,297292,541,32.7
5856,297292,542,32.6
5856,297292,543,32.6
5856,297292,544,32.6
5856,297292,545,32.6
5856,297292,546,32.6
5856,297292,547,32.6
5856,297292,548,32.6
5856,297292,549,32.5
5856,297292,550,32.5
5856,297292,551,32.5
5856,297292,552,32.5
5856,297292,553,32.5
5856,297292,554,32.5
5856,297292,555,32.5
5856,297292,556,32.5
5856,297292,557,32.4
5856,297292,558,32.4
5856,297292,559,32.4
5856,297292,560,32.3
5856,297292,561,32.4
5856,297292,562,32.4
5856,297292,563,32.3
5856,297292,564,32.3
5856,297292,565,32.3
5856,297292,566,32.3
5856,297292,567,32.3
5856,297292,568,32.3
5856,297292,569,32.3
5856,297292,570,32.3
5856,297292,571,32.2
5856,297292,572,32.2
5856,297292,573,32.2
5856,297292,574,32.2
5856,297292,575,32.2
5856,297292,576,32.2
5856,297292,577,32.2
5856,297292,578,32.1
5856,297292,579,32.1
5856,297292,580,32.1
5856,297292,581,32.1
5856,297292,582,32.1
5856,297292,583,32.1
5856,297292,584,32.1
5856,297292,585,32.1
5856,297292,586,32.0
5856,297292,587,32.0
5856,297292,588,32.0
5856,297292,589,32.0
5856,297292,590,32.0
5856,297292,591,32.0
5856,297292,592,32.0
5856,297292,593,31.9
5856,297292,594,31.9
5856,297292,595,31.9
5856,297292,596,31.9
5856,297292,597,31.9
5856,297292,598,31.9
5856,297292,599,31.9
5856,297292,600,31.9
5856,297292,601,31.8
5856,297292,602,31.8
5856,297292,603,31.8
5856,297292,604,31.8
5856,297292,605,31.8
5856,297292,606,31.8
5856,297292,607,31.7
5856,297292,608,31.8
5856,297292,609,31.7
5856,297292,610,31.7
5856,297292,611,31.7
5856,297292,612,31.7
5856,297292,613,31.7
5856,297292,614,31.7
5856,297292,615,31.6
5856,297292,616,31.6
5856,297292,617,31.6
5856,297292,618,31.6
5856,297292,619,31.6
5856,297292,620,31.6
5856,297292,621,31.6
5856,297292,622,31.6
5856,297292,623,31.5
5856,297292,624,31.6
5856,297292,625,31.5
5856,297292,626,31.5
5856,297292,627,31.5
5856,297292,628,31.5
5856,297292,629,31.5
5856,297292,630,31.5
5856,297292,631,31.4
5856,297292,632,31.4
5856,297292,633,31.4
5856,297292,634,31.4
5856,297292,635,31.4
5856,297292,636,31.4
5856,297292,637,31.4
5856,297292,638,31.4
5856,297292,639,31.3
5856,297292,640,31.3
5856,297292,641,31.3
5856,297292,642,31.3
5856,297292,643,31.3
5856,297292,644,31.3
5856,297292,645,31.3
5856,297292,646,31.2
5856,297292,647,31.2
5856,297292,648,31.2
5856,297292,649,31.2
5856,297292,650,31.2
5856,297292,651,31.2
5856,297292,652,31.2
5856,297292,653,31.1
5856,297292,654,31.1
5856,297292,655,31.1
5856,297292,656,31.1
5856,297292,657,31.1
5856,297292,658,31.1
5856,297292,659,31.1
5856,297292,660,31.1
5856,297292,661,31.1
5856,297292,662,31.1
5856,297292,663,31.1
5856,297292,664,31.1
5856,297292,665,31.0
5856,297292,666,31.0
5856,297292,667,31.0
5856,297292,668,31.0
5856,297292,669,31.0
5856,297292,670,31.0
5856,297292,671,30.9
5856,297292,672,30.9
5856,297292,673,30.9
5856,297292,674,30.9
5856,297292,675,30.9
5856,297292,676,30.8
5856,297292,677,30.8
5856,297292,678,30.8
5856,297292,679,30.8
5856,297292,680,30.8
5856,297292,681,30.8
5856,297292,682,30.8
5856,297292,683,30.8
5856,297292,684,30.8
5856,297292,685,30.7
5856,297292,686,30.7
5856,297292,687,30.7
5856,297292,688,30.7
5856,297292,689,30.7
5856,297292,690,30.6
5856,297292,691,30.7
5856,297292,692,30.6
5856,297292,693,30.6
5856,297292,694,30.6
5856,297292,695,30.6
5856,297292,696,30.6
5856,297292,697,30.6
5856,297292,698,30.6
5856,297292,699,30.6
5856,297292,700,30.6
5856,297292,701,30.5
5856,297292,702,30.5
5856,297292,703,30.5
5856,297292,704,30.5
5856,297292,705,30.5
5856,297292,706,30.5
5856,297292,707,30.5
5856,297292,708,30.5
5856,297292,709,30.5
5856,297292,710,30.4
5856,297292,711,30.4
5856,297292,712,30.4
5856,297292,713,30.4
5856,297292,714,30.4
5856,297292,715,30.4
5856,297292,716,30.4
5856,297292,717,30.4
5856,297292,718,30.3
5856,297292,719,30.3
5856,297292,720,30.3
5856,297292,721,30.3
5856,297292,722,30.3
5856,297292,723,30.1
5856,297292,724,30.3
5856,297292,725,30.3
5856,297292,726,30.3
5856,297292,727,29.1
5856,297292,728,30.2
5856,297292,729,30.2
5856,297292,730,30.2
5856,297292,731,30.2
5856,297292,732,30.2
5856,297292,733,30.2
5856,297292,734,30.2
5856,297292,735,30.1
5856,297292,736,30.1
5856,297292,737,30.1
5856,297292,738,30.1
5856,297292,739,30.1
5856,297292,740,30.1
5856,297292,741,30.1
5856,297292,742,30.1
5856,297292,743,30.1
5856,297292,744,30.0
5856,297292,745,30.0
5856,297292,746,30.0
5856,297292,747,30.0
5856,297292,748,30.0
5856,297292,749,30.0
5856,297292,750,30.0
5856,297293,1,29.7
5856,297293,2,29.7
5856,297293,3,29.7
5856,297293,4,29.7
5856,297293,5,29.7
5856,297293,6,29.7
5856,297293,7,29.7
5856,297293,8,29.7
5856,297293,9,29.6
5856,297293,10,29.6
5856,297293,11,29.6
5856,297293,12,29.6
5856,297293,13,29.6
5856,297293,14,29.6
5856,297293,15,29.6
5856,297293,16,29.6
5856,297293,17,29.6
5856,297293,18,29.6
5856,297293,19,29.5
5856,297293,20,29.5
5856,297293,21,29.5
5856,297293,22,29.5
5856,297293,23,29.5
5856,297293,24,29.4
5856,297293,25,29.4
5856,297293,26,29.4
5856,297293,27,29.4
5856,297293,28,29.4
5856,297293,29,29.4
5856,297293,30,29.4
5856,297293,31,29.4
5856,297293,32,29.4
5856,297293,33,29.4
5856,297293,34,29.4
5856,297293,35,29.4
5856,297293,36,29.3
5856,297293,37,29.3
5856,297293,38,29.3
5856,297293,39,29.3
5856,297293,40,29.3
5856,297293,41,29.3
5856,297293,42,29.3
5856,297293,43,29.3
5856,297293,44,29.2
5856,297293,45,29.2
5856,297293,46,29.2
5856,297293,47,29.2
5856,297293,48,29.2
5856,297293,49,29.2
5856,297293,50,29.2
5856,297293,51,29.2
5856,297293,52,29.2
5856,297293,53,29.1
5856,297293,54,29.1
5856,297293,55,29.2
5856,297293,56,29.2
5856,297293,57,29.1
5856,297293,58,29.1
5856,297293,59,29.1
5856,297293,60,29.1
5856,297293,61,29.1
5856,297293,62,29.1
5856,297293,63,29.0
5856,297293,64,29.0
5856,297293,65,29.0
5856,297293,66,29.0
5856,297293,67,29.0
5856,297293,68,29.0
5856,297293,69,29.0
5856,297293,70,29.0
5856,297293,71,29.0
5856,297293,72,28.9
5856,297293,73,28.9
5856,297293,74,28.9
5856,297293,75,28.9
5856,297293,76,28.9
5856,297293,77,28.9
5856,297293,78,28.9
5856,297293,79,28.9
5856,297293,80,28.8
5856,297293,81,28.8
5856,297293,82,28.8
5856,297293,83,28.8
5856,297293,84,28.8
5856,297293,85,28.8
5856,297293,86,28.8
5856,297293,87,28.8
5856,297293,88,28.8
5856,297293,89,28.7
5856,297293,90,28.7
5856,297293,91,28.7
5856,297293,92,28.7
5856,297293,93,28.7
5856,297293,94,28.7
5856,297293,95,28.7
5856,297293,96,28.7
5856,297293,97,28.7
5856,297293,98,28.7
5856,297293,99,28.6
5856,297293,100,28.6
5856,297293,101,28.6
5856,297293,102,28.6
5856,297293,103,28.6
5856,297293,104,28.5
5856,297293,105,28.6
5856,297293,106,28.6
5856,297293,107,28.6
5856,297293,108,28.6
5856,297293,109,28.5
5856,297293,110,28.5
5856,297293,111,28.5
5856,297293,112,28.5
5856,297293,113,28.5
5856,297293,114,28.5
5856,297293,115,28.5
5856,297293,116,28.5
5856,297293,117,28.4
5856,297293,118,28.4
5856,297293,119,28.4
5856,297293,120,28.4
5856,297293,121,28.4
5856,297293,122,28.4
5856,297293,123,28.4
5856,297293,124,28.4
5856,297293,125,28.4
5856,297293,126,28.4
5856,297293,127,28.3
5856,297293,128,28.3
5856,297293,129,28.3
5856,297293,130,28.3
5856,297293,131,28.3
5856,297293,132,28.3
5856,297293,133,28.3
5856,297293,134,28.3
5856,297293,135,28.3
5856,297293,136,28.2
5856,297293,137,28.2
5856,297293,138,28.2
5856,297293,139,28.2
5856,297293,140,28.2
5856,297293,141,28.2
5856,297293,142,28.2
5856,297293,143,28.2
5856,297293,144,28.2
5856,297296,1,27.9
5856,297296,2,27.9
5856,297296,3,27.8
5856,297296,4,27.8
5856,297296,5,27.9
5856,297296,6,27.8
5856,297296,7,27.8
5856,297296,8,27.8
5856,297296,9,27.8
5856,297296,10,27.7
5856,297296,11,27.8
5856,297296,12,27.8
5856,297296,13,27.8
5856,297296,14,27.8
5856,297296,15,27.7
5856,297296,16,27.7
5856,297296,17,27.7
5856,297296,18,27.7
5856,297296,19,27.7
5856,297296,20,27.7
5856,297296,21,27.7
5856,297296,22,27.7
5856,297296,23,27.7
5856,297296,24,27.6
5856,297296,25,27.7
5856,297296,26,27.6
5856,297296,27,27.6
5856,297296,28,27.6
5856,297296,29,27.6
5856,297296,30,27.6
5856,297296,31,27.6
5856,297296,32,27.6
5856,297296,33,27.6
5856,297296,34,27.5
5856,297296,35,27.5
5856,297296,36,27.5
5856,297296,37,27.5
5856,297296,38,27.5
5856,297296,39,27.5
5856,297296,40,27.5
5856,297296,41,27.5
5856,297296,42,27.4
5856,297296,43,27.5
5856,297296,44,27.4
5856,297296,45,27.4
5856,297296,46,27.4
5856,297296,47,27.4
5856,297296,48,27.4
5856,297296,49,27.4
5856,297296,50,27.4
5856,297296,51,27.4
5856,297296,52,27.4
5856,297296,53,27.4
5856,297296,54,27.3
5856,297296,55,27.3
5856,297296,56,27.3
5856,297296,57,27.3
5856,297296,58,27.3
5856,297296,59,27.3
5856,297296,60,27.3
5856,297296,61,27.3
5856,297296,62,27.3
5856,297296,63,27.2
5856,297296,64,27.2
5856,297296,65,27.2
5856,297296,66,27.2
5856,297296,67,27.2
5856,297296,68,27.2
5856,297296,69,27.2
5856,297296,70,27.2
5856,297296,71,27.2
5856,297296,72,27.2
5856,297296,73,27.2
5856,297296,74,27.1
5856,297296,75,27.1
5856,297296,76,27.1
5856,297296,77,27.1
5856,297296,78,27.1
5856,297296,79,27.1
5856,297296,80,27.1
5856,297296,81,27.1
5856,297296,82,27.1
5856,297296,83,27.1
5856,297296,84,27.0
5856,297296,85,27.0
5856,297296,86,27.0
5856,297296,87,27.0
5856,297296,88,27.0
5856,297296,89,26.9
5856,297296,90,27.0
5856,297296,91,27.0
5856,297296,92,27.0
5856,297296,93,27.0
5856,297296,94,27.0
5856,297296,95,26.9
5856,297296,96,26.9
5856,297296,97,26.9
5856,297296,98,26.9
5856,297296,99,26.9
5856,297296,100,26.9
5856,297296,101,26.9
5856,297296,102,26.9
5856,297296,103,26.8
5856,297296,104,26.8
5856,297296,105,26.8
5856,297296,106,26.8
5856,297296,107,26.8
5856,297296,108,26.8
5856,297296,109,26.8
5856,297296,110,26.8
5856,297296,111,26.8
5856,297296,112,26.8
5856,297296,113,26.7
5856,297296,114,26.7
5856,297296,115,26.7
5856,297296,116,26.7
5856,297296,117,27.2
5856,297296,118,27.2
5856,297296,119,25.2
5856,297296,120,26.3
5856,297296,121,24.9
5856,297296,122,27.2
5856,297296,123,27.1
5856,297296,124,27.2
5856,297296,125,27.2
5856,297296,126,27.2
5856,297296,127,27.2
5856,297296,128,27.1
5856,297296,129,27.1
5856,297296,130,27.1
5856,297296,131,27.1
5856,297296,132,27.1
5856,297296,133,27.1
5856,297296,134,27.1
5856,297296,135,27.1
5856,297296,136,27.0
5856,297296,137,27.0
5856,297296,138,27.0
5856,297296,139,27.0
5856,297296,140,27.0
5856,297296,141,27.0
5856,297296,142,27.0
5856,297296,143,27.0
5856,297296,144,26.9
5856,297296,145,27.0
5856,297296,146,26.9
5856,297296,147,26.9
5856,297296,148,26.9
5856,297296,149,26.9
5856,297296,150,26.9
5856,297296,151,26.9
5856,297296,152,26.9
5856,297296,153,26.9
5856,297296,154,26.8
5856,297296,155,26.9
5856,297296,156,26.8
5856,297296,157,26.8
5856,297296,158,26.8
5856,297296,159,26.8
5856,297296,160,26.8
5856,297296,161,26.8
5856,297296,162,26.8
5856,297296,163,26.8
5856,297296,164,26.7
5856,297296,165,26.7
5856,297296,166,26.7
5856,297296,167,26.7
5856,297296,168,26.7
5856,297296,169,26.7
5856,297296,170,26.7
5856,297296,171,26.7
5856,297296,172,26.6
5856,297296,173,26.7
5856,297296,174,26.6
5856,297296,175,26.6
5856,297296,176,26.6
5856,297296,177,26.6
5856,297296,178,26.6
5856,297296,179,26.6
5856,297296,180,26.6
5856,297296,181,26.6
5856,297296,182,26.6
5856,297296,183,26.5
5856,297296,184,26.5
5856,297296,185,26.5
5856,297296,186,26.5
5856,297296,187,26.5
5856,297296,188,26.5
5856,297296,189,26.5
5856,297296,190,26.5
5856,297296,191,26.5
5856,297296,192,26.5
5856,297296,193,26.5
5856,297296,194,26.4
5856,297296,195,26.4
5856,297296,196,26.4
5856,297296,197,26.4
5856,297296,198,26.4
5856,297296,199,26.4
5856,297296,200,26.4
5856,297296,201,26.4
5856,297296,202,26.4
5856,297296,203,26.3
5856,297296,204,26.2
5856,297296,205,26.3
5856,297296,206,26.3
5856,297296,207,26.3
5856,297296,208,26.3
5856,297296,209,26.3
5856,297296,210,26.3
5856,297296,211,26.3
5856,297296,212,26.3
5856,297296,213,26.2
5856,297296,214,26.2
5856,297296,215,26.2
5856,297296,216,26.2
5856,297296,217,26.2
5856,297296,218,26.2
5856,297296,219,26.2
5856,297296,220,26.2
5856,297296,221,26.2
5856,297296,222,26.2
5856,297296,223,26.2
5856,297296,224,26.2
5856,297296,225,26.1
5856,297296,226,26.1
5856,297296,227,26.1
5856,297296,228,26.1
5856,297296,229,26.1
5856,297296,230,26.1
5856,297296,231,26.1
5856,297296,232,26.1
5856,297296,233,26.1
5856,297296,234,26.0
5856,297296,235,26.0
5856,297296,236,26.0
5856,297296,237,26.0
5856,297296,238,26.0
5856,297296,239,26.0
5856,297296,240,26.0
5856,297296,241,26.0
5856,297296,242,26.0
5856,297296,243,26.0
5856,297296,244,25.9
5856,297296,245,25.9
5856,297296,246,25.9
5856,297296,247,25.9
5856,297296,248,25.9
5856,297296,249,25.9
5856,297296,250,25.9
5856,297296,251,25.9
5856,297296,252,25.9
5856,297296,253,25.8
5856,297296,254,25.8
5856,297296,255,25.8
5856,297296,256,25.9
5856,297296,257,25.8
5856,297296,258,25.8
5856,297296,259,25.8
5856,297296,260,25.8
5856,297296,261,25.8
5856,297296,262,25.8
5856,297296,263,25.8
5856,297296,264,25.7
5856,297296,265,25.7
5856,297296,266,25.7
5856,297296,267,25.7
5856,297296,268,25.7
5856,297296,269,25.7
5856,297296,270,25.7
5856,297296,271,25.7
5856,297296,272,25.7
5856,297296,273,25.7
5856,297296,274,25.6
5856,297296,275,25.6
5856,297296,276,25.6
5856,297296,277,25.6
5856,297296,278,25.6
5856,297296,279,25.6
5856,297296,280,25.6
5856,297296,281,25.6
5856,297296,282,25.6
5856,297296,283,25.6
5856,297296,284,25.5
5856,297296,285,25.5
5856,297296,286,25.5
5856,297296,287,25.5
5856,297296,288,25.5
5856,297296,289,25.5
5856,297296,290,25.5
5856,297296,291,25.5
5856,297296,292,25.5
5856,297296,293,25.5
5856,297296,294,25.4
5856,297296,295,25.4
5856,297296,296,25.4
5856,297296,297,25.4
5856,297296,298,25.4
5856,297296,299,25.4
5856,297296,300,25.4
5856,297296,301,25.4
5856,297296,302,25.4
5856,297296,303,25.4
5856,297296,304,25.3
5856,297296,305,25.3
5856,297296,306,25.3
5856,297296,307,25.3
5856,297296,308,25.3
5856,297296,309,25.3
5856,297296,310,25.3
5856,297296,311,25.3
5856,297296,312,25.3
5856,297296,313,25.3
5856,297296,314,25.2
5856,297296,315,25.2
5856,297296,316,25.2
5856,297296,317,25.2
5856,297296,318,25.2
5856,297296,319,25.2
5856,297296,320,25.2
5856,297296,321,25.2
5856,297296,322,25.1
5856,297296,323,25.1
5856,297296,324,25.1
5856,297296,325,25.1
5856,297296,326,25.1
5856,297296,327,25.1
5856,297296,328,25.1
5856,297296,329,25.1
5856,297296,330,25.1
5856,297296,331,25.1
5856,297296,332,25.1
5856,297296,333,25.0
5856,297296,334,25.1
5856,297296,335,25.0
5856,297296,336,25.0
5856,297296,337,25.0
5856,297296,338,25.0
5856,297296,339,25.0
5856,297296,340,25.0
5856,297296,341,25.0
5856,297296,342,25.0
5856,297296,343,25.0
5856,297296,344,25.0
5856,297296,345,25.0
5856,297296,346,25.0
5856,297296,347,25.0
5856,297296,348,24.9
5856,297296,349,24.9
5856,297296,350,24.9
5856,297296,351,24.9
5856,297296,352,24.9
5856,297296,353,24.9
5856,297296,354,24.9
5856,297296,355,24.9
5856,297296,356,24.9
5856,297296,357,24.9
5856,297296,358,24.8
5856,297296,359,24.8
5856,297296,360,24.8
5856,297296,361,24.8
5856,297296,362,24.8
5856,297296,363,24.8
5856,297296,364,24.8
5856,297296,365,24.8
5856,297296,366,24.8
5856,297296,367,24.8
5856,297296,368,24.7
5856,297296,369,24.7
5856,297296,370,24.7
5856,297296,371,24.7
5856,297296,372,24.7
5856,297296,373,24.7
5856,297296,374,24.7
5856,297296,375,24.7
5856,297296,376,24.7
5856,297296,377,24.7
5856,297296,378,24.7
5856,297296,379,24.7
5856,297296,380,24.7
5856,297296,381,24.6
5856,297296,382,24.6
5856,297296,383,24.6
5856,297296,384,24.6
5856,297296,385,24.6
5856,297296,386,24.6
5856,297296,387,24.6
5856,297296,388,24.6
5856,297296,389,24.6
5856,297296,390,24.6
5856,297296,391,24.5
5856,297296,392,24.5
5856,297296,393,24.5
5856,297296,394,24.5
5856,297296,395,24.5
5856,297296,396,24.5
5856,297296,397,24.5
5856,297296,398,24.5
5856,297296,399,24.5
5856,297296,400,24.5
5856,297296,401,24.5
5856,297296,402,24.4
5856,297296,403,24.4
5856,297296,404,24.4
5856,297296,405,24.4
5856,297296,406,24.4
5856,297296,407,24.4
5856,297296,408,24.4
5856,297296,409,24.4
5856,297296,410,24.4
5856,297296,411,24.4
5856,297296,412,24.4
5856,297296,413,24.3
5856,297296,414,24.3
5856,297296,415,24.3
5856,297296,416,24.3
5856,297296,417,24.3
5856,297296,418,24.3
5856,297296,419,24.3
5856,297296,420,24.3
5856,297296,421,24.3
5856,297296,422,24.3
5856,297296,423,24.3
5856,297296,424,24.3
5856,297296,425,24.2
5856,297296,426,24.2
5856,297296,427,24.2
5856,297296,428,24.2
5856,297296,429,24.2
5856,297296,430,24.2
5856,297296,431,24.2
5856,297296,432,24.2
5856,297296,433,24.2
5856,297296,434,24.2
5856,297296,435,24.1
5856,297296,436,24.1
5856,297296,437,24.2
5856,297296,438,24.1
5856,297296,439,24.1
5856,297296,440,24.1
5856,297296,441,24.1
5856,297296,442,24.1
5856,297296,443,24.1
5856,297296,444,24.1
5856,297296,445,24.1
5856,297296,446,24.1
5856,297296,447,24.0
5856,297296,448,24.1
5856,297296,449,24.0
5856,297296,450,24.0
5856,297296,451,24.0
5856,297296,452,24.0
5856,297296,453,24.0
5856,297296,454,24.0
5856,297296,455,24.0
5856,297296,456,24.0
5856,297296,457,24.0
5856,297296,458,24.0
5856,297296,459,24.0
5856,297296,460,23.9
5856,297296,461,23.9
5856,297296,462,23.9
5856,297296,463,23.9
5856,297296,464,23.9
5856,297296,465,23.9
5856,297296,466,23.9
5856,297296,467,23.9
5856,297296,468,23.9
5856,297296,469,23.9
5856,297296,470,23.9
5856,297296,471,23.9
5856,297296,472,23.8
5856,297296,473,23.8
5856,297296,474,23.8
5856,297296,475,23.8
5856,297296,476,23.8
5856,297296,477,23.8
5856,297296,478,23.8
5856,297296,479,23.8
5856,297296,480,23.8
5856,297296,481,23.8
5856,297296,482,23.8
5856,297296,483,23.8
5856,297296,484,23.8
5856,297296,485,23.7
5856,297296,486,23.7
5856,297296,487,23.7
5856,297296,488,23.7
5856,297296,489,23.7
5856,297296,490,23.7
5856,297296,491,23.7
5856,297296,492,23.7
5856,297308,1,14.9
5856,297308,2,1.5
5856,297308,3,3.2
5856,297308,4,9.4
5856,297308,5,21.7
5856,297308,6,18.9
5856,297308,7,9.3
5856,297308,8,23.4
5856,297308,9,23.4
5856,297308,10,23.4
5856,297308,11,23.4
5856,297308,12,23.4
5856,297308,13,23.4
5856,297308,14,23.4
5856,297308,15,23.4
5856,297308,16,23.4
5856,297308,17,23.4
5856,297308,18,23.3
5856,297308,19,23.3
5856,297308,20,23.3
5856,297308,21,23.3
5856,297308,22,23.3
5856,297308,23,23.3
5856,297308,24,23.3
5856,297308,25,23.3
5856,297308,26,23.3
5856,297308,27,23.3
5856,297308,28,23.3
5856,297308,29,23.3
5856,297308,30,23.2
5856,297308,31,23.3
5856,297308,32,23.2
5856,297308,33,23.2
5856,297308,34,23.2
5856,297308,35,23.2
5856,297308,36,23.2
5856,297308,37,23.2
5856,297308,38,23.2
5856,297308,39,23.2
5856,297308,40,23.2
5856,297308,41,23.2
5856,297308,42,23.2
5856,297308,43,23.1
5856,297308,44,23.1
5856,297308,45,23.1
5856,297308,46,23.1
5856,297308,47,23.1
5856,297308,48,23.1
5856,297308,49,23.1
5856,297308,50,23.1
5856,297308,51,23.1
5856,297308,52,23.1
5856,297308,53,23.1
5856,297308,54,23.1
5856,297308,55,23.1
5856,297308,56,23.0
5856,297308,57,23.0
5856,297308,58,23.0
5856,297308,59,23.0
5856,297308,60,23.0
5856,297308,61,23.0
5856,297308,62,23.0
5856,297308,63,23.0
5856,297308,64,23.0
5856,297308,65,23.0
5856,297308,66,23.0
5856,297308,67,23.0
5856,297308,68,22.9
5856,297308,69,22.9
5856,297308,70,22.9
5883,297670,1,35.4
5883,297670,2,35.3
5883,297670,3,35.2
5883,297670,4,35.3
5883,297670,5,35.3
5883,297670,6,35.3
5883,297670,7,35.2
5883,297670,8,35.2
5883,297670,9,35.2
5883,297670,10,35.2
5883,297670,11,35.2
5883,297670,12,40.4
5883,297670,13,40.3
5883,297670,14,40.3
5883,297670,15,40.2
5883,297670,16,40.2
5883,297670,17,40.2
5883,297670,18,40.2
5883,297670,19,40.1
5883,297670,20,40.1
5883,297670,21,40.1
5883,297670,22,40.1
5883,297670,23,40.0
5883,297670,24,40.0
5883,297670,25,40.0
5883,297670,26,40.0
5883,297670,27,39.9
5883,297671,1,39.1
5883,297671,2,39.4
5883,297671,3,39.4
5883,297671,4,39.1
5883,297671,5,39.0
5883,297671,6,39.0
5883,297671,7,39.0
5883,297671,8,39.0
5883,297671,9,39.0
5883,297671,10,38.9
5883,297671,11,38.9
5883,297671,12,38.9
5883,297671,13,38.9
5883,297671,14,38.8
5883,297671,15,38.8
5883,297671,16,38.8
5883,297671,17,38.8
5883,297671,18,38.7
5883,297671,19,38.7
5883,297671,20,38.6
5883,297671,21,38.6
5883,297671,22,38.6
5883,297671,23,38.6
5883,297671,24,38.5
5883,297671,25,38.5
5883,297671,26,38.4
5883,297671,27,38.3
5883,297671,28,38.5
5883,297671,29,38.4
5883,297671,30,38.4
5883,297671,31,38.4
5883,297671,32,38.4
5883,297671,33,38.4
5883,297671,34,38.3
5883,297671,35,38.3
5883,297671,36,38.3
5883,297671,37,38.2
5883,297671,38,38.1
5883,297671,39,38.1
5883,297671,40,38.2
5883,297672,1,37.9
5883,297672,2,37.9
5883,297672,3,37.9
5883,297672,4,37.9
5883,297672,5,37.9
5883,297672,6,37.8
5883,297672,7,37.8
5883,297672,8,37.8
5883,297672,9,37.7
5883,297672,10,37.7
5883,297672,11,37.7
5883,297672,12,37.7
5883,297672,13,37.7
5883,297672,14,37.7
5883,297672,15,37.6
5883,297673,1,37.4
5883,297673,2,37.4
5883,297673,3,37.3
5883,297673,4,37.2
5883,297673,5,37.3
5883,297673,6,37.2
5883,297673,7,37.2
5883,297673,8,37.2
5883,297673,9,37.2
5883,297673,10,37.2
5883,297673,11,37.1
5883,297673,12,37.1
5883,297673,13,37.1
5883,297673,14,37.1
5883,297673,15,37.1
5883,297673,16,37.1
5883,297674,1,38.1
5883,297674,2,38.1
5883,297674,3,38.1
5883,297674,4,38.1
5883,297674,5,38.1
5883,297674,6,38.0
5883,297674,7,38.0
5883,297674,8,38.0
5883,297674,9,38.0
5883,297674,10,38.0
5883,297674,11,38.0
5883,297674,12,37.9
5883,297674,13,37.9
5883,297674,14,37.9
5883,297674,15,37.9
5883,297674,16,37.9
5883,297674,17,37.9
5883,297674,18,37.8
5883,297674,19,37.8
5883,297674,20,37.8
5883,297674,21,37.8
5883,297674,22,37.8
5883,297674,23,37.8
5883,297674,24,37.7
5883,297674,25,37.7
5883,297674,26,37.7
5883,297674,27,37.7
5883,297674,28,37.7
5883,297674,29,37.7
5883,297674,30,37.6
5883,297674,31,37.6
5883,297674,32,37.6
5883,297674,33,37.6
5883,297674,34,37.5
5883,297674,35,37.5
5883,297674,36,37.5
5883,297674,37,37.5
5883,297674,38,37.5
5883,297674,39,37.5
5883,297674,40,37.5
5883,297674,41,37.5
5883,297674,42,37.4
5883,297674,43,37.4
5883,297674,44,37.4
5883,297674,45,37.4
5883,297674,46,37.4
5883,297674,47,37.3
5883,297674,48,37.3
5883,297674,49,37.3
5883,297674,50,37.3
5883,297674,51,37.3
5883,297674,52,37.2
5883,297674,53,37.2
5883,297674,54,37.2
5883,297674,55,37.2
5883,297674,56,37.2
5883,297674,57,37.2
5883,297674,58,37.2
5883,297674,59,37.1
5883,297674,60,37.1
5883,297674,61,37.1
5883,297674,62,37.1
5883,297674,63,37.1
5883,297674,64,37.0
5883,297674,65,37.0
5883,297674,66,37.0
5883,297674,67,37.0
5883,297674,68,37.0
5883,297674,69,37.0
5883,297674,70,36.9
5883,297674,71,36.9
5883,297674,72,36.9
5883,297674,73,36.9
5883,297674,74,36.9
5883,297674,75,36.9
5883,297674,76,36.8
5883,297674,77,36.8
5883,297674,78,36.8
5883,297674,79,36.8
5883,297674,80,36.8
5883,297674,81,36.8
5883,297674,82,36.7
5883,297674,83,36.7
5883,297674,84,36.7
5883,297674,85,36.7
5883,297674,86,36.7
5883,297674,87,36.6
5883,297674,88,36.6
5883,297674,89,36.7
5883,297674,90,36.6
5883,297674,91,36.6
5883,297674,92,36.6
5883,297674,93,36.6
5883,297674,94,36.5
5883,297674,95,36.5
5883,297674,96,36.5
5883,297674,97,36.5
5883,297674,98,36.5
5883,297674,99,36.4
5883,297674,100,36.4
5883,297674,101,36.4
5883,297674,102,36.4
5883,297674,103,36.4
5883,297674,104,36.4
5883,297674,105,36.4
5883,297674,106,36.4
5883,297674,107,36.3
5883,297674,108,36.3
5883,297674,109,36.2
5883,297674,110,36.3
5883,297674,111,36.3
5883,297674,112,36.2
5883,297674,113,36.2
5883,297674,114,36.2
5883,297674,115,36.2
5883,297674,116,36.2
5883,297674,117,36.1
5883,297674,118,36.1
5883,297674,119,36.1
5883,297674,120,36.1
5883,297674,121,36.0
5883,297674,122,36.1
5883,297674,123,36.1
5883,297674,124,36.1
5883,297674,125,36.1
5883,297674,126,36.1
5883,297674,127,36.0
5883,297674,128,36.0
5883,297674,129,36.0
5883,297674,130,36.0
5883,297674,131,36.0
5883,297674,132,36.0
5883,297674,133,36.0
5883,297674,134,36.0
5883,297674,135,35.9
5883,297674,136,35.9
5883,297674,137,35.8
5883,297674,138,36.4
5883,297674,139,36.7
5883,297674,140,36.7
5883,297674,141,35.1
5883,297674,142,32.4
5883,297674,143,34.9
5883,297674,144,36.8
5883,297674,145,36.8
5883,297674,146,36.7
5883,297674,147,36.7
5883,297674,148,36.7
5883,297674,149,36.7
5883,297674,150,36.6
5883,297674,151,36.7
5883,297674,152,36.6
5883,297674,153,36.6
5883,297674,154,36.6
5883,297674,155,36.6
5883,297674,156,36.5
5883,297674,157,36.5
5883,297674,158,36.5
5883,297674,159,36.5
5883,297674,160,36.5
5883,297674,161,36.5
5883,297674,162,36.5
5883,297674,163,36.4
5883,297674,164,36.4
5883,297674,165,36.4
5883,297674,166,36.2
5883,297674,167,36.4
5883,297674,168,36.3
5883,297674,169,36.3
5883,297674,170,36.3
5883,297674,171,36.3
5883,297674,172,36.3
5883,297674,173,36.2
5883,297674,174,36.2
5883,297674,175,36.2
5883,297674,176,36.2
5883,297674,177,36.2
5883,297674,178,36.2
5883,297674,179,36.2
5883,297674,180,36.1
5883,297674,181,36.1
5883,297674,182,36.1
5883,297674,183,36.1
5883,297675,1,35.6
5883,297675,2,35.6
5883,297675,3,35.6
5883,297675,4,35.6
5883,297675,5,35.6
5883,297675,6,35.6
5883,297675,7,35.5
5883,297675,8,35.5
5883,297675,9,35.5
5883,297675,10,35.5
5883,297675,11,35.5
5883,297675,12,35.5
5883,297675,13,35.4
5883,297675,14,35.4
5883,297675,15,35.4
5883,297675,16,35.4
5883,297675,17,35.4
5883,297675,18,35.4
5883,297675,19,35.3
5883,297675,20,35.3
5883,297675,21,35.3
5883,297675,22,35.3
5883,297675,23,35.3
5883,297675,24,35.3
5883,297675,25,35.3
5883,297675,26,35.3
5883,297675,27,35.2
5883,297675,28,35.2
5883,297675,29,35.2
5883,297675,30,35.2
5883,297675,31,35.2
5883,297675,32,35.2
5883,297675,33,35.1
5883,297675,34,35.1
5883,297675,35,35.1
5883,297675,36,35.1
5883,297675,37,35.1
5883,297675,38,35.0
5883,297675,39,35.1
5883,297675,40,35.0
5883,297675,41,35.0
5883,297675,42,35.0
5883,297675,43,35.0
5883,297675,44,34.9
5883,297675,45,34.9
5883,297675,46,34.9
5883,297675,47,34.9
5883,297675,48,34.9
5883,297675,49,34.8
5883,297675,50,34.8
5883,297675,51,34.8
5883,297675,52,34.8
5883,297675,53,34.8
5883,297675,54,34.8
5883,297675,55,34.8
5883,297675,56,34.7
5883,297675,57,34.7
5883,297675,58,34.7
5883,297675,59,34.7
5883,297675,60,34.7
5883,297675,61,34.7
5883,297675,62,34.7
5883,297675,63,34.6
5883,297675,64,34.6
5883,297675,65,34.6
5883,297675,66,34.6
5883,297675,67,34.6
5883,297675,68,34.6
5883,297675,69,34.6
5883,297675,70,34.5
5883,297675,71,34.5
5883,297675,72,34.5
5883,297675,73,34.4
5883,297675,74,34.5
5883,297675,75,34.5
5883,297675,76,34.4
5883,297675,77,34.4
5883,297675,78,34.4
5883,297675,79,34.4
5883,297675,80,34.4
5883,297675,81,34.4
5883,297675,82,34.3
5883,297675,83,34.3
5883,297675,84,34.3
5883,297675,85,34.3
5883,297675,86,34.3
5883,297675,87,34.3
5883,297675,88,34.2
5883,297675,89,34.2
5883,297675,90,34.2
5883,297675,91,34.2
5883,297675,92,34.2
5883,297675,93,34.2
5883,297675,94,34.2
5883,297675,95,34.1
5883,297675,96,34.1
5883,297675,97,34.1
5883,297675,98,34.1
5883,297675,99,34.1
5883,297675,100,34.1
5883,297675,101,34.1
5883,297675,102,34.1
5883,297675,103,34.1
5883,297675,104,34.0
5883,297675,105,34.0
5883,297675,106,34.0
5883,297675,107,34.0
5883,297675,108,33.9
5883,297675,109,33.9
5883,297675,110,33.9
5883,297675,111,33.9
5883,297675,112,33.9
5883,297675,113,33.9
5883,297675,114,33.8
5883,297675,115,33.8
5883,297675,116,33.8
5883,297675,117,33.8
5883,297675,118,33.8
5883,297675,119,33.8
5883,297675,120,33.8
5883,297675,121,33.7
5883,297675,122,33.7
5883,297675,123,33.7
5883,297675,124,33.7
5883,297675,125,33.7
5883,297675,126,33.7
5883,297675,127,33.7
5883,297675,128,33.6
5883,297675,129,33.6
5883,297675,130,33.6
5883,297675,131,33.6
5883,297675,132,33.6
5883,297675,133,33.6
5883,297675,134,33.5
5883,297675,135,33.5
5883,297675,136,33.5
5883,297675,137,33.5
5883,297675,138,33.5
5883,297675,139,33.5
5883,297675,140,33.5
5883,297675,141,33.4
5883,297675,142,33.5
5883,297675,143,33.5
5883,297675,144,33.4
5883,297675,145,33.4
5883,297675,146,33.4
5883,297675,147,33.4
5883,297675,148,33.4
5883,297675,149,33.4
5883,297675,150,33.3
5883,297675,151,33.3
5883,297675,152,33.3
5883,297675,153,33.3
5883,297675,154,33.3
5883,297675,155,33.3
5883,297675,156,33.2
5883,297675,157,33.2
5883,297675,158,33.2
5883,297675,159,33.2
5883,297675,160,33.2
5883,297675,161,33.1
5883,297675,162,33.1
5883,297675,163,33.1
5883,297675,164,33.1
5883,297675,165,33.1
5883,297675,166,33.1
5883,297675,167,33.1
5883,297675,168,33.1
5883,297675,169,33.1
5883,297675,170,33.0
5883,297675,171,33.0
5883,297675,172,33.0
5883,297675,173,33.0
5883,297675,174,33.0
5883,297675,175,33.0
5883,297675,176,32.9
5883,297675,177,32.9
5883,297675,178,32.9
5883,297675,179,32.9
5883,297675,180,32.9
5883,297675,181,32.9
5883,297675,182,32.8
5883,297675,183,32.8
5883,297675,184,32.8
5883,297675,185,32.8
5883,297675,186,32.8
5883,297675,187,32.8
5883,297675,188,32.7
5883,297675,189,32.7
5883,297675,190,32.7
5883,297675,191,32.7
5883,297675,192,32.6
5883,297675,193,32.7
5883,297675,194,32.6
5883,297675,195,32.6
5883,297675,196,32.6
5883,297675,197,32.6
5883,297675,198,32.6
5883,297675,199,32.6
5883,297675,200,32.5
5883,297675,201,32.5
5883,297675,202,32.5
5883,297675,203,32.5
5883,297675,204,32.5
5883,297675,205,32.5
5883,297675,206,32.5
5883,297675,207,32.5
5883,297675,208,32.5
5883,297675,209,32.4
5883,297675,210,32.4
5883,297675,211,32.4
5883,297675,212,32.4
5883,297675,213,32.4
5883,297675,214,32.4
5883,297675,215,32.4
5883,297675,216,32.4
5883,297675,217,32.4
5883,297675,218,32.4
5883,297675,219,32.3
5883,297675,220,32.3
5883,297675,221,32.3
5883,297675,222,32.3
5883,297675,223,32.3
5883,297675,224,32.3
5883,297675,225,32.3
5883,297675,226,32.3
5883,297675,227,32.2
5883,297675,228,32.2
5883,297675,229,32.2
5883,297675,230,32.2
5883,297675,231,32.2
5883,297675,232,32.2
5883,297675,233,32.2
5883,297675,234,32.1
5883,297675,235,32.1
5883,297675,236,32.1
5883,297675,237,32.1
5883,297675,238,32.1
5883,297675,239,32.1
5883,297675,240,32.1
5883,297675,241,32.0
5883,297675,242,32.0
5883,297675,243,32.0
5883,297675,244,31.9
5883,297675,245,32.0
5883,297675,246,31.9
5883,297675,247,31.9
5883,297675,248,31.9
5883,297675,249,31.9
5883,297675,250,31.9
5883,297675,251,31.9
5883,297675,252,31.9
5883,297675,253,31.8
5883,297675,254,31.8
5883,297675,255,31.8
5883,297675,256,31.8
5883,297675,257,31.8
5883,297675,258,31.8
5883,297675,259,31.8
5883,297675,260,31.7
5883,297675,261,31.7
5883,297675,262,31.7
5883,297675,263,31.7
5883,297675,264,31.7
5883,297675,265,31.7
5883,297675,266,31.6
5883,297675,267,31.6
5883,297675,268,31.6
5883,297675,269,32.3
5883,297675,270,32.2
5883,297675,271,32.1
5883,297675,272,30.4
5883,297675,273,32.2
5883,297675,274,32.2
5883,297675,275,32.1
5883,297675,276,32.2
5883,297675,277,32.5
5883,297675,278,32.5
5883,297675,279,32.4
5883,297675,280,32.4
5883,297675,281,32.4
5883,297675,282,32.4
5883,297675,283,32.4
5883,297675,284,32.4
5883,297675,285,32.3
5883,297675,286,32.3
5883,297675,287,32.3
5883,297675,288,32.3
5883,297675,289,32.2
5883,297675,290,32.3
5883,297675,291,32.2
5883,297675,292,32.2
5883,297675,293,32.2
5883,297675,294,32.2
5883,297675,295,32.2
5883,297675,296,32.2
5883,297675,297,32.2
5883,297675,298,32.1
5883,297675,299,32.1
5883,297675,300,32.1
5883,297675,301,32.1
5883,297675,302,32.1
5883,297675,303,32.1
5883,297675,304,32.1
5883,297675,305,32.0
5883,297675,306,32.0
5883,297675,307,32.0
5883,297675,308,32.0
5883,297675,309,32.0
5883,297675,310,32.0
5883,297675,311,32.0
5883,297675,312,31.9
5883,297675,313,31.9
5883,297675,314,31.9
5883,297675,315,31.9
5883,297675,316,31.9
5883,297675,317,31.9
5883,297675,318,31.9
5883,297675,319,31.9
5883,297675,320,31.8
5883,297675,321,31.8
5883,297675,322,31.8
5883,297675,323,31.8
5883,297675,324,31.8
5883,297675,325,31.8
5883,297675,326,31.8
5883,297675,327,31.7
5883,297675,328,31.7
5883,297675,329,31.7
5883,297675,330,31.7
5883,297675,331,31.7
5883,297675,332,31.7
5883,297675,333,31.7
5883,297675,334,31.7
5883,297675,335,31.6
5883,297675,336,31.6
5883,297675,337,31.6
5883,297675,338,31.6
5883,297675,339,31.6
5883,297675,340,31.6
5883,297675,341,31.6
5883,297675,342,31.6
5883,297675,343,31.6
5883,297675,344,31.5
5883,297675,345,31.5
5883,297675,346,31.5
5883,297675,347,31.5
5883,297675,348,31.5
5883,297675,349,31.5
5883,297675,350,31.4
5883,297675,351,31.4
5883,297675,352,31.5
5883,297675,353,31.4
5883,297675,354,31.4
5883,297675,355,31.4
5883,297675,356,31.4
5883,297675,357,31.3
5883,297675,358,31.3
5883,297675,359,31.3
5883,297675,360,31.3
5883,297675,361,31.3
5883,297675,362,31.3
5883,297675,363,31.3
5883,297675,364,31.3
5883,297675,365,31.2
5883,297675,366,31.2
5883,297675,367,31.2
5883,297675,368,31.2
5883,297675,369,31.2
5883,297675,370,31.2
5883,297675,371,31.2
5883,297675,372,31.2
5883,297675,373,31.2
5883,297675,374,31.1
5883,297675,375,31.1
5883,297675,376,31.1
5883,297675,377,31.1
5883,297675,378,31.1
5883,297675,379,31.1
5883,297675,380,31.0
5883,297675,381,31.0
5883,297675,382,31.0
5883,297675,383,31.0
5883,297675,384,31.0
5883,297675,385,31.0
5883,297675,386,31.0
5883,297675,387,31.0
5883,297675,388,30.9
5883,297675,389,30.9
5883,297675,390,30.9
5883,297675,391,30.9
5883,297675,392,30.9
5883,297675,393,30.9
5883,297675,394,30.9
5883,297675,395,30.8
5883,297675,396,30.8
5883,297675,397,30.8
5883,297675,398,30.8
5883,297675,399,30.8
5883,297675,400,30.8
5883,297675,401,30.8
5883,297675,402,30.8
5883,297675,403,30.7
5883,297675,404,30.7
5883,297675,405,30.7
5883,297675,406,30.7
5883,297675,407,30.7
5883,297675,408,30.7
5883,297675,409,30.7
5883,297675,410,30.7
5883,297675,411,30.6
5883,297675,412,30.6
5883,297675,413,30.6
5883,297675,414,30.6
5883,297675,415,30.6
5883,297675,416,30.5
5883,297675,417,30.5
5883,297675,418,30.5
5883,297675,419,30.5
5883,297675,420,30.5
5883,297675,421,30.5
5883,297675,422,30.5
5883,297675,423,30.5
5883,297675,424,30.5
5883,297675,425,30.4
5883,297675,426,30.4
5883,297675,427,30.4
5883,297675,428,30.4
5883,297675,429,30.4
5883,297675,430,30.4
5883,297675,431,30.4
5883,297675,432,30.4
5883,297675,433,30.3
5883,297675,434,30.3
5883,297675,435,30.3
5883,297675,436,30.3
5883,297675,437,30.3
5883,297675,438,30.3
5883,297675,439,30.3
5883,297675,440,30.3
5883,297675,441,30.2
5883,297675,442,30.2
5883,297675,443,30.2
5883,297675,444,30.2
5883,297675,445,30.2
5883,297675,446,30.2
5883,297675,447,30.2
5883,297675,448,30.2
5883,297675,449,30.1
5883,297675,450,30.2
5883,297675,451,30.1
5883,297675,452,30.1
5883,297675,453,30.1
5883,297675,454,30.1
5883,297675,455,30.1
5883,297675,456,30.1
5883,297675,457,30.0
5883,297675,458,30.0
5883,297675,459,30.0
5883,297675,460,30.0
5883,297675,461,30.0
5883,297675,462,30.0
5883,297675,463,30.0
5883,297675,464,30.0
5883,297675,465,30.0
5883,297678,1,29.5
5883,297678,2,29.5
5868,297467,25,43.1
5868,297467,26,43.1
5868,297467,27,43.0
5868,297467,28,42.9
5868,297467,29,12.9
5868,297467,30,31.6
5868,297467,31,42.7
5868,297467,32,16.5
5868,297467,33,6.2
5868,297467,34,4.6
5868,297467,35,16.9
5868,297467,36,41.0
5868,297467,37,32.8
5868,297467,38,5.0
5868,297467,39,41.0
5868,297467,40,41.0
5868,297467,41,41.0
5868,297467,42,41.0
5868,297467,43,40.9
5868,297467,44,40.8
5868,297467,45,40.9
5868,297467,46,40.8
5868,297467,47,40.8
5868,297467,48,40.8
5868,297467,49,40.8
5868,297467,50,40.7
5868,297467,51,40.7
5868,297467,52,40.7
5868,297467,53,40.6
5868,297467,54,40.5
5868,297467,55,40.5
5868,297467,56,40.5
5868,297467,57,40.5
5868,297467,58,40.4
5868,297467,59,40.5
5868,297467,60,40.4
5868,297467,61,40.4
5868,297467,62,40.4
5868,297467,63,40.3
5868,297467,64,39.7
5868,297467,65,40.3
5868,297467,66,39.7
5868,297467,67,35.8
5868,297467,68,40.4
5868,297467,69,40.1
5868,297467,70,42.2
5868,297467,71,42.2
5868,297467,72,42.1
5868,297467,73,42.1
5868,297467,74,42.1
5868,297467,75,42.1
5868,297467,76,42.1
5868,297467,77,42.0
5868,297467,78,42.0
5868,297467,79,42.0
5868,297467,80,41.9
5868,297467,81,41.9
5868,297467,82,41.9
5868,297467,83,41.9
5868,297467,84,41.9
5868,297467,85,41.9
5868,297467,86,41.8
5868,297467,87,41.8
5868,297467,88,41.8
5868,297467,89,41.8
5868,297467,90,41.8
5868,297467,91,41.7
5868,297467,92,41.7
5868,297467,93,41.7
5868,297467,94,41.7
5868,297467,95,41.6
5868,297467,96,41.6
5868,297467,97,41.6
5868,297467,98,41.6
5868,297467,99,41.5
5868,297467,100,41.5
5868,297467,101,41.5
5868,297467,102,41.5
5868,297467,103,41.4
5868,297467,104,41.4
5868,297467,105,41.4
5868,297467,106,41.4
5868,297467,107,41.4
5868,297467,108,41.4
5868,297467,109,41.3
5868,297467,110,41.3
5868,297467,111,41.3
5868,297467,112,41.3
5868,297467,113,41.3
5868,297467,114,41.3
5868,297467,115,41.2
5868,297467,116,41.2
5868,297467,117,41.2
5868,297467,118,41.1
5868,297467,119,41.1
5868,297467,120,41.1
5868,297467,121,41.1
5868,297467,122,41.1
5868,297467,123,41.1
5868,297467,124,41.0
5868,297467,125,41.0
5868,297467,126,41.0
5868,297467,127,41.0
5868,297467,128,41.0
5868,297467,129,40.9
5868,297467,130,41.0
5868,297467,131,40.9
5868,297467,132,40.9
5868,297467,133,40.8
5868,297467,134,40.9
5868,297467,135,40.8
5868,297467,136,40.8
5868,297467,137,40.8
5868,297467,138,40.7
5868,297468,1,40.4
5868,297468,2,40.4
5868,297468,3,40.4
5868,297468,4,40.3
5868,297468,5,40.3
5868,297468,6,40.2
5868,297468,7,40.3
5868,297468,8,38.4
5868,297468,9,38.3
5868,297468,10,36.0
5868,297468,11,40.3
5868,297468,12,40.3
5868,297468,13,40.2
5868,297468,14,40.2
5868,297468,15,40.2
5868,297468,16,40.2
5868,297468,17,40.2
5868,297468,18,40.2
5868,297468,19,40.2
5868,297468,20,40.1
5868,297468,21,40.1
5868,297468,22,40.1
5868,297468,23,40.1
5868,297468,24,40.1
5868,297468,25,40.1
5868,297468,26,40.0
5868,297468,27,40.0
5868,297468,28,40.0
5868,297468,29,40.0
5868,297468,30,40.0
5868,297468,31,39.9
5868,297468,32,39.9
5868,297468,33,39.9
5868,297468,34,39.9
5868,297468,35,39.9
5868,297468,36,39.8
5868,297468,37,39.8
5868,297468,38,39.8
5868,297468,39,39.8
5868,297468,40,39.8
5868,297468,41,39.7
5868,297468,42,39.7
5868,297468,43,39.7
5868,297468,44,39.7
5868,297468,45,39.7
5868,297468,46,39.7
5868,297468,47,39.6
5868,297468,48,39.6
5868,297468,49,39.6
5868,297468,50,39.5
5868,297468,51,39.6
5868,297468,52,39.6
5868,297468,53,39.6
5868,297468,54,39.5
5868,297468,55,39.5
5868,297468,56,39.5
5868,297468,57,39.5
5868,297468,58,39.5
5868,297468,59,39.4
5868,297468,60,39.4
5868,297468,61,39.4
5868,297468,62,39.4
5868,297468,63,39.4
5868,297468,64,39.3
5868,297468,65,39.3
5868,297468,66,39.3
5868,297468,67,39.3
5868,297468,68,39.2
5868,297468,69,39.3
5868,297468,70,39.2
5868,297468,71,39.2
5868,297468,72,39.2
5868,297468,73,39.1
5868,297468,74,39.1
5868,297469,1,38.9
5868,297469,2,38.9
5868,297469,3,38.9
5868,297469,4,38.9
5868,297469,5,38.8
5868,297469,6,38.8
5868,297469,7,38.8
5868,297469,8,38.8
5868,297469,9,38.8
5868,297469,10,38.8
5868,297469,11,38.7
5868,297469,12,38.7
5868,297469,13,38.7
5868,297469,14,38.7
5868,297469,15,38.7
5868,297469,16,38.7
5868,297469,17,38.6
5868,297469,18,38.6
5868,297469,19,38.6
5868,297469,20,38.6
5868,297469,21,38.6
5868,297469,22,38.5
5868,297469,23,38.4
5868,297469,24,38.5
5868,297469,25,38.5
5868,297469,26,38.5
5868,297469,27,38.4
5868,297469,28,38.4
5868,297469,29,38.4
5868,297469,30,38.4
5868,297469,31,38.4
5868,297469,32,38.4
5868,297469,33,38.4
5868,297469,34,38.3
5868,297469,35,38.3
5868,297469,36,38.3
5868,297469,37,38.3
5868,297469,38,38.3
5868,297469,39,38.2
5868,297469,40,38.2
5868,297469,41,38.2
5868,297469,42,38.2
5868,297469,43,38.2
5868,297469,44,38.2
5868,297469,45,38.1
5868,297469,46,38.1
5868,297469,47,38.1
5868,297469,48,38.1
5868,297469,49,38.1
5868,297469,50,38.1
5868,297469,51,38.0
5868,297469,52,38.0
5868,297469,53,38.0
5868,297469,54,38.0
5868,297469,55,38.0
5868,297469,56,38.0
5868,297469,57,37.9
5868,297469,58,37.9
5868,297469,59,37.9
5868,297469,60,37.9
5868,297469,61,37.9
5868,297469,62,37.9
5868,297469,63,37.9
5868,297469,64,37.8
5868,297469,65,37.8
5868,297469,66,37.8
5868,297469,67,37.8
5868,297469,68,37.8
5868,297469,69,37.7
5868,297469,70,37.7
5868,297469,71,36.3
5876,297557,6,42.9
5876,297557,7,42.8
5876,297557,8,42.8
5876,297557,9,42.7
5876,297557,10,42.7
5876,297557,11,42.7
5876,297557,12,2.9
5876,297557,13,12.9
5876,297557,14,41.3
5876,297557,15,31.5
5876,297557,16,13.9
5876,297557,17,41.9
5876,297557,18,9.4
5876,297557,19,28.6
5876,297557,20,42.0
5876,297557,21,16.1
5876,297557,22,4.9
5876,297557,23,42.3
5876,297557,24,42.3
5876,297557,25,42.3
5876,297557,26,42.3
5876,297557,27,42.2
5876,297557,28,42.2
5876,297557,29,42.1
5876,297557,30,42.1
5876,297557,31,42.0
5876,297557,32,42.0
5876,297557,33,42.0
5876,297557,34,41.9
5876,297557,35,41.9
5876,297557,36,41.8
5876,297557,37,41.8
5876,297557,38,40.2
5876,297557,39,41.7
5876,297557,40,41.7
5876,297557,41,41.6
5876,297557,42,41.6
5876,297557,43,41.5
5876,297557,44,41.5
5876,297557,45,41.5
5876,297557,46,41.4
5876,297557,47,41.4
5876,297557,48,41.3
5876,297557,49,41.2
5876,297557,50,41.3
5876,297557,51,41.2
5876,297557,52,41.2
5876,297557,53,41.2
5876,297557,54,41.1
5876,297557,55,41.1
5876,297557,56,41.1
5876,297557,57,41.0
5876,297557,58,41.0
5876,297557,59,40.9
5876,297557,60,40.9
5876,297557,61,40.8
5876,297557,62,40.9
5876,297557,63,40.8
5876,297557,64,40.8
5876,297557,65,40.7
5876,297557,66,40.7
5876,297557,67,40.7
5876,297557,68,40.7
5876,297557,69,40.7
5876,297557,70,40.7
5876,297557,71,40.6
5876,297557,72,40.6
5876,297557,73,40.5
5876,297557,74,40.4
5876,297557,75,40.4
5876,297557,76,40.4
5876,297557,77,40.4
5876,297557,78,40.3
5876,297557,79,40.2
5876,297557,80,40.3
5876,297557,81,40.2
5876,297557,82,40.2
5876,297557,83,40.2
5876,297557,84,40.2
5876,297557,85,40.1
5876,297557,86,40.0
5876,297557,87,40.0
5876,297557,88,39.9
5876,297557,89,39.9
5876,297557,90,39.8
5876,297557,91,39.8
5876,297557,92,39.8
5876,297557,93,39.8
5876,297557,94,39.7
5876,297557,95,39.7
5876,297557,96,39.6
5876,297557,97,39.6
5876,297557,98,39.6
5876,297557,99,39.5
5876,297557,100,39.5
5876,297557,101,39.5
5876,297557,102,39.3
5876,297557,103,39.6
5876,297557,104,39.5
5876,297557,105,39.4
5876,297557,106,39.4
5876,297557,107,39.3
5876,297557,108,39.3
5876,297557,109,39.2
5876,297557,110,39.2
5876,297557,111,39.2
5876,297557,112,39.1
5876,297557,113,39.0
5876,297557,114,39.0
5876,297557,115,39.0
5876,297557,116,38.7
5876,297557,117,39.1
5876,297557,118,39.0
5876,297557,119,38.9
5876,297557,120,38.9
5876,297557,121,38.9
5876,297557,122,38.8
5876,297557,123,38.7
5876,297557,124,38.7
5876,297557,125,38.6
5876,297557,126,38.8
5876,297557,127,38.6
5876,297557,128,38.6
5876,297557,129,38.6
5876,297557,130,38.6
5876,297557,131,38.6
5876,297557,132,38.6
5876,297557,133,38.5
5876,297557,134,38.5
5876,297557,135,38.5
5876,297557,136,38.5
5876,297557,137,38.5
5876,297557,138,38.4
5876,297557,139,38.4
5876,297557,140,38.4
5876,297557,141,38.3
5876,297557,142,38.3
5876,297557,143,38.3
5876,297557,144,38.3
5876,297557,145,38.2
5876,297557,146,38.2
5876,297557,147,38.0
5876,297557,148,38.2
5876,297557,149,38.2
5876,297557,150,38.1
5876,297557,151,38.1
5876,297557,152,38.1
5876,297557,153,38.0
5876,297557,154,38.1
5876,297557,155,38.0
5876,297557,156,38.0
5876,297557,157,38.0
5876,297557,158,37.9
5876,297557,159,37.5
5876,297557,160,36.3
5876,297557,161,30.3
5876,297557,162,38.6
5876,297557,163,37.8
5876,297557,164,39.2
5876,297557,165,39.2
5876,297557,166,39.1
5876,297557,167,39.1
5876,297557,168,39.1
5876,297557,169,39.1
5876,297557,170,39.0
5876,297557,171,39.0
5876,297557,172,39.0
5876,297557,173,39.0
5876,297557,174,39.0
5876,297557,175,39.0
5876,297557,176,38.9
5876,297557,177,38.9
5876,297557,178,38.9
5876,297557,179,38.9
5876,297557,180,38.9
5876,297557,181,38.9
5876,297557,182,38.8
5876,297557,183,38.8
5876,297557,184,38.8
5876,297557,185,38.8
5876,297557,186,38.8
5876,297557,187,38.7
5876,297557,188,38.7
5876,297557,189,38.7
5876,297557,190,38.6
5876,297557,191,38.7
5876,297557,192,38.6
5876,297557,193,38.6
5876,297557,194,38.6
5876,297557,195,38.6
5876,297557,196,38.5
5876,297557,197,38.5
5876,297557,198,38.5
5876,297557,199,38.5
5876,297557,200,38.5
5876,297557,201,38.4
5876,297557,202,38.4
5876,297557,203,38.4
5876,297557,204,38.4
5876,297557,205,38.4
5876,297557,206,38.3
5876,297557,207,38.3
5876,297557,208,38.3
5876,297557,209,38.3
5876,297557,210,38.3
5876,297557,211,38.2
5876,297557,212,38.2
5876,297557,213,38.2
5876,297557,214,38.2
5876,297557,215,38.2
5876,297557,216,38.1
5876,297557,217,38.1
5876,297557,218,38.1
5876,297557,219,38.1
5876,297557,220,38.1
5876,297557,221,38.0
5876,297557,222,38.0
5876,297557,223,38.0
5876,297557,224,38.0
5876,297557,225,38.0
5876,297557,226,38.0
5876,297557,227,37.9
5876,297557,228,37.9
5876,297557,229,37.9
5876,297557,230,37.9
5876,297557,231,37.8
5876,297557,232,37.8
5876,297557,233,37.8
5876,297557,234,37.8
5876,297557,235,37.8
5876,297557,236,37.8
5876,297557,237,37.8
5876,297557,238,37.7
5876,297557,239,37.7
5876,297557,240,37.7
5876,297557,241,37.7
5876,297557,242,37.7
5876,297557,243,37.6
5876,297557,244,37.6
5876,297557,245,37.6
5876,297557,246,37.6
5876,297557,247,37.6
5876,297557,248,37.6
5876,297557,249,37.5
5876,297557,250,37.5
5876,297557,251,37.5
5876,297557,252,37.5
5876,297557,253,37.5
5876,297557,254,37.4
5876,297557,255,37.4
5876,297557,256,37.4
5876,297557,257,37.4
5876,297557,258,37.4
5876,297557,259,37.4
5876,297557,260,37.3
5876,297557,261,37.3
5876,297557,262,37.3
5876,297557,263,37.3
5876,297557,264,37.3
5876,297557,265,37.3
5876,297557,266,37.2
5876,297557,267,37.2
5876,297557,268,37.2
5876,297557,269,37.2
5876,297557,270,37.2
5876,297557,271,37.2
5876,297557,272,37.1
5876,297557,273,37.1
5876,297557,274,37.1
5876,297557,275,37.1
5876,297557,276,37.1
5876,297557,277,37.0
5876,297557,278,37.0
5876,297557,279,37.0
5876,297557,280,37.0
5876,297557,281,37.0
5876,297557,282,37.0
5876,297557,283,36.9
5876,297557,284,36.9
5876,297557,285,36.9
5876,297557,286,36.9
5876,297557,287,36.9
5876,297557,288,36.8
5876,297557,289,36.8
5876,297557,290,36.8
5876,297557,291,36.8
5876,297557,292,36.8
5876,297557,293,36.8
5876,297557,294,36.7
5876,297557,295,36.7
5876,297557,296,36.7
5876,297557,297,36.7
5876,297557,298,36.6
5876,297557,299,36.6
5876,297557,300,36.6
5876,297557,301,36.6
5876,297557,302,36.6
5876,297557,303,36.6
5876,297557,304,36.5
5876,297557,305,36.5
5876,297557,306,36.5
5876,297557,307,36.5
5876,297557,308,36.5
5876,297557,309,36.5
5876,297557,310,36.4
5876,297557,311,36.4
5876,297557,312,36.4
5876,297557,313,36.4
5876,297557,314,36.4
5876,297557,315,36.4
5876,297557,316,36.3
5876,297557,317,36.3
5876,297557,318,36.3
5876,297557,319,36.3
5876,297557,320,36.3
5876,297557,321,36.2
5876,297557,322,36.2
5876,297557,323,36.3
5876,297557,324,36.2
5876,297557,325,36.2
5876,297557,326,36.1
5876,297557,327,36.1
5876,297557,328,36.1
5876,297557,329,36.1
5876,297557,330,36.0
5876,297557,331,36.0
5876,297557,332,36.0
5876,297557,333,36.0
5876,297557,334,36.0
5876,297557,335,36.0
5876,297557,336,35.9
5876,297557,337,36.0
5876,297557,338,35.9
5876,297557,339,35.9
5876,297557,340,35.9
5876,297557,341,35.9
5876,297557,342,35.9
5876,297557,343,35.9
5876,297557,344,35.8
5876,297557,345,35.7
5876,297557,346,35.9
5876,297557,347,35.8
5876,297557,348,35.8
5876,297557,349,35.8
5876,297557,350,35.7
5876,297557,351,35.7
5876,297557,352,35.7
5876,297557,353,35.7
5876,297557,354,35.7
5876,297557,355,35.6
5876,297557,356,35.6
5876,297557,357,35.6
5876,297557,358,35.6
5876,297557,359,35.6
5876,297557,360,35.6
5876,297557,361,35.5
5876,297557,362,35.5
5876,297557,363,35.5
5876,297557,364,35.5
5876,297557,365,35.5
5876,297557,366,35.5
5876,297557,367,35.5
5876,297557,368,35.4
5876,297557,369,35.4
5876,297557,370,35.4
5876,297557,371,35.4
5876,297557,372,35.3
5876,297557,373,35.3
5876,297557,374,35.3
5876,297557,375,35.3
5876,297557,376,35.3
5876,297557,377,35.2
5876,297557,378,35.2
5876,297557,379,35.2
5876,297557,380,35.2
5876,297557,381,35.2
5876,297557,382,35.2
5876,297557,383,35.2
5876,297557,384,34.9
5876,297557,385,33.2
5876,297557,386,31.7
5876,297557,387,32.1
5876,297557,388,35.1
5876,297557,389,35.1
5876,297557,390,35.1
5876,297557,391,35.1
5876,297557,392,35.0
5876,297557,393,35.0
5876,297557,394,35.0
5876,297558,1,34.9
5876,297558,2,34.9
5876,297558,3,34.9
5876,297558,4,34.9
5876,297558,5,34.8
5876,297558,6,34.8
5876,297558,7,34.8
5876,297558,8,34.8
5876,297558,9,34.8
5876,297558,10,34.7
5876,297558,11,34.7
5876,297558,12,34.7
5876,297558,13,34.7
5876,297558,14,34.7
5876,297558,15,34.7
5876,297558,16,34.7
5876,297558,17,34.7
5876,297558,18,34.6
5876,297558,19,34.6
5876,297558,20,34.6
5876,297558,21,34.6
5876,297558,22,34.6
5876,297558,23,34.5
5876,297558,24,34.5
5876,297558,25,34.5
5876,297558,26,34.5
5876,297558,27,34.5
5876,297558,28,34.5
5876,297558,29,34.5
5876,297558,30,34.4
5876,297558,31,34.4
5876,297558,32,34.4
5876,297558,33,34.4
5876,297558,34,34.3
5876,297558,35,34.3
5876,297558,36,34.3
5876,297558,37,34.3
5876,297558,38,34.3
5876,297558,39,34.3
5876,297558,40,34.3
5876,297558,41,34.3
5876,297558,42,34.2
5876,297558,43,34.2
5876,297558,44,34.2
5876,297558,45,34.2
5876,297558,46,34.2
5876,297558,47,34.1
5876,297558,48,34.1
5876,297558,49,34.1
5876,297558,50,34.1
5876,297558,51,34.1
5876,297558,52,34.1
5876,297558,53,34.0
5876,297558,54,34.0
5876,297558,55,34.0
5876,297558,56,34.0
5876,297558,57,34.0
5876,297558,58,34.0
5876,297558,59,33.9
5876,297558,60,33.9
5876,297558,61,33.9
5876,297558,62,33.9
5876,297558,63,33.9
5876,297558,64,33.9
5876,297558,65,33.9
5876,297558,66,33.9
5876,297558,67,33.8
5876,297558,68,33.8
5876,297558,69,33.8
5876,297558,70,33.8
5876,297558,71,33.8
5876,297558,72,33.8
5876,297558,73,33.7
5876,297558,74,33.7
5876,297558,75,33.7
5876,297558,76,33.7
5876,297558,77,33.7
5876,297558,78,33.7
5876,297558,79,33.7
5876,297558,80,33.6
5876,297558,81,33.6
5876,297558,82,33.6
5876,297558,83,33.6
5876,297558,84,33.6
5876,297558,85,33.6
5876,297558,86,33.6
5876,297558,87,33.6
5876,297558,88,33.6
5876,297558,89,33.5
5876,297558,90,33.5
5876,297558,91,33.5
5876,297558,92,33.5
5876,297558,93,33.5
5876,297558,94,33.4
5876,297558,95,33.4
5876,297558,96,33.4
5876,297558,97,33.4
5876,297558,98,33.4
5876,297558,99,33.4
5876,297558,100,33.4
5876,297558,101,33.4
5876,297558,102,33.3
5876,297558,103,33.3
5876,297558,104,33.3
5876,297558,105,33.3
5876,297558,106,33.3
5876,297558,107,33.3
5876,297558,108,33.2
5876,297558,109,33.2
5876,297558,110,33.2
5876,297558,111,33.2
5876,297558,112,33.2
5876,297558,113,33.2
5876,297558,114,33.1
5876,297558,115,33.1
5876,297558,116,33.1
5876,297558,117,33.1
5876,297558,118,33.1
5876,297558,119,33.1
5876,297558,120,33.1
5876,297558,121,33.0
5876,297558,122,33.0
5876,297558,123,33.0
5876,297558,124,33.0
5876,297558,125,33.0
5876,297558,126,33.0
5876,297558,127,33.0
5876,297558,128,32.9
5876,297558,129,32.9
5876,297558,130,32.9
5876,297558,131,32.9
5876,297558,132,32.9
5876,297558,133,32.9
5876,297558,134,32.8
5876,297558,135,32.8
5876,297558,136,32.8
5876,297558,137,32.8
5876,297558,138,32.8
5876,297558,139,32.8
5876,297558,140,32.7
5876,297558,141,32.7
5876,297558,142,32.7
5876,297558,143,32.7
5876,297558,144,32.7
5876,297558,145,32.7
5876,297558,146,32.7
5876,297558,147,32.6
5876,297558,148,32.6
5876,297558,149,32.6
5876,297558,150,32.6
5876,297558,151,32.6
5876,297558,152,32.6
5876,297558,153,32.6
5876,297558,154,32.6
5876,297558,155,32.5
5876,297558,156,32.5
5876,297558,157,32.5
5876,297558,158,32.5
5876,297558,159,32.5
5876,297558,160,32.4
5876,297558,161,32.4
5876,297558,162,32.4
5876,297558,163,32.5
5876,297558,164,33.2
5876,297558,165,33.1
5876,297558,166,31.0
5876,297558,167,31.6
5876,297558,168,29.5
5876,297558,169,33.0
5876,297558,170,33.0
5876,297558,171,33.1
5876,297558,172,33.1
5876,297558,173,33.1
5876,297558,174,33.1
5876,297558,175,33.1
5876,297558,176,33.1
5876,297558,177,33.0
5876,297558,178,33.0
5876,297558,179,33.0
5876,297558,180,33.0
5876,297558,181,33.0
5876,297558,182,33.0
5876,297558,183,33.0
5876,297558,184,32.9
5876,297558,185,32.9
5876,297558,186,32.9
5876,297558,187,32.9
5876,297558,188,32.9
5876,297558,189,32.9
5876,297558,190,32.9
5876,297558,191,32.8
5876,297558,192,32.8
5876,297558,193,32.8
5876,297558,194,32.8
5876,297558,195,32.8
5876,297558,196,32.8
5876,297558,197,32.7
5876,297558,198,32.7
5876,297558,199,32.7
5876,297558,200,32.7
5876,297558,201,32.7
5876,297558,202,32.7
5876,297558,203,32.7
5876,297558,204,32.6
5876,297558,205,32.6
5876,297558,206,32.6
5876,297558,207,32.6
5876,297558,208,32.6
5876,297558,209,32.6
5876,297558,210,32.5
5876,297558,211,32.5
5876,297558,212,32.5
5876,297558,213,32.5
5876,297558,214,32.5
5876,297558,215,32.5
5876,297558,216,32.5
5876,297558,217,32.4
5876,297558,218,32.4
5876,297558,219,32.4
5876,297558,220,32.4
5876,297558,221,32.4
5876,297558,222,32.4
5876,297558,223,32.3
5876,297558,224,32.3
5876,297558,225,32.3
5876,297558,226,32.3
5876,297558,227,32.3
5876,297558,228,32.3
5876,297558,229,32.3
5876,297558,230,32.2
5876,297558,231,32.2
5876,297558,232,32.2
5876,297558,233,32.2
5876,297558,234,32.2
5876,297558,235,32.2
5876,297558,236,32.2
5876,297558,237,32.1
5876,297558,238,32.1
5876,297558,239,32.1
5876,297558,240,32.1
5876,297558,241,32.1
5876,297558,242,32.1
5876,297558,243,32.1
5876,297558,244,32.0
5876,297558,245,32.0
5876,297558,246,32.0
5876,297558,247,32.0
5876,297558,248,32.0
5876,297558,249,31.9
5876,297558,250,31.9
5876,297558,251,31.9
5876,297558,252,31.9
5876,297558,253,31.9
5876,297558,254,31.9
5876,297558,255,31.9
5876,297558,256,31.9
5876,297558,257,31.9
5876,297558,258,31.8
5876,297558,259,31.8
5876,297558,260,31.8
5876,297558,261,31.8
5876,297558,262,31.8
5876,297558,263,31.8
5876,297559,1,31.6
5876,297559,2,31.7
5876,297559,3,31.6
5876,297559,4,31.6
5876,297559,5,31.7
5876,297559,6,31.6
5876,297559,7,31.6
5876,297559,8,31.6
5876,297559,9,31.6
5876,297559,10,31.6
5876,297559,11,31.5
5876,297559,12,31.5
5876,297560,1,29.8
5876,297560,2,29.8
5876,297560,3,29.8
5876,297560,4,29.8
5876,297560,5,29.8
5876,297560,6,29.8
5876,297560,7,29.8
5876,297560,8,29.7
5876,297560,9,29.7
5876,297560,10,29.7
5876,297560,11,29.7
5876,297560,12,29.7
5876,297560,13,29.7
5876,297560,14,29.7
5876,297560,15,29.7
5876,297560,16,29.7
5876,297560,17,29.6
5876,297560,18,29.6
5876,297560,19,29.6
5876,297560,20,29.6
5876,297560,21,29.6
5876,297560,22,29.6
5876,297560,23,29.6
5876,297560,24,29.6
5876,297560,25,29.5
5876,297560,26,29.5
5876,297560,27,29.5
5876,297560,28,29.5
5876,297560,29,29.5
5876,297560,30,29.5
5876,297560,31,29.5
5876,297560,32,29.4
5876,297560,33,29.3
5876,297560,34,29.4
5876,297560,35,29.4
5876,297560,36,29.4
5876,297560,37,29.4
5876,297560,38,29.2
5876,297560,39,28.3
5876,297560,40,26.6
5876,297560,41,27.2
5876,297560,42,29.3
5876,297560,43,29.4
5876,297560,44,29.4
5876,297560,45,29.3
5876,297560,46,29.3
5876,297560,47,29.3
5876,297560,48,29.3
5876,297560,49,29.3
5876,297560,50,29.3
5876,297560,51,29.3
5876,297560,52,29.2
5876,297560,53,29.2
5876,297560,54,29.2
5876,297560,55,29.2
5876,297560,56,29.2
5876,297560,57,29.2
5876,297560,58,29.2
5876,297560,59,29.2
5876,297560,60,29.1
5876,297560,61,29.1
5876,297560,62,29.1
5876,297560,63,29.1
5876,297560,64,29.1
5876,297560,65,29.1
5876,297560,66,29.1
5876,297560,67,29.0
5876,297560,68,29.0
5876,297560,69,29.0
5876,297560,70,29.0
5876,297560,71,29.0
5876,297560,72,29.0
5876,297560,73,29.0
5876,297560,74,29.0
5876,297560,75,28.9
5876,297560,76,29.0
5876,297560,77,29.0
5876,297560,78,28.9
5876,297560,79,28.9
5876,297560,80,28.9
5876,297560,81,28.9
5876,297560,82,28.9
5876,297560,83,28.9
5876,297560,84,28.9
5876,297560,85,28.8
5876,297560,86,28.8
5876,297560,87,28.8
5876,297560,88,28.8
5876,297560,89,28.8
5876,297560,90,28.6
5876,297560,91,28.6
5876,297560,92,28.6
5876,297560,93,28.6
5876,297560,94,28.6
5876,297560,95,28.6
5876,297560,96,28.6
5876,297560,97,28.6
5876,297560,98,28.5
5876,297560,99,28.5
5876,297560,100,28.5
5876,297560,101,28.5
5876,297560,102,28.5
5876,297560,103,28.5
5876,297560,104,28.5
5876,297560,105,28.5
5876,297560,106,28.5
5876,297560,107,28.5
5876,297560,108,28.5
5876,297560,109,28.4
5876,297560,110,28.4
5876,297560,111,28.4
5876,297560,112,28.4
5876,297560,113,28.4
5876,297560,114,28.4
5876,297560,115,28.4
5876,297560,116,28.4
5876,297560,117,28.3
5876,297560,118,28.3
5876,297560,119,28.3
5876,297560,120,28.3
5876,297560,121,28.3
5876,297560,122,28.3
5876,297560,123,28.3
5876,297560,124,28.3
5876,297560,125,28.3
5876,297560,126,28.3
5876,297560,127,28.3
5876,297560,128,28.2
5876,297560,129,28.3
5876,297560,130,28.2
5876,297560,131,28.2
5876,297560,132,28.2
5876,297560,133,28.2
5876,297560,134,28.2
5876,297560,135,28.2
5876,297560,136,28.2
5876,297560,137,28.1
5876,297560,138,28.1
5876,297560,139,28.1
5876,297560,140,28.1
5876,297560,141,28.1
5876,297560,142,28.1
5876,297560,143,28.1
5876,297560,144,28.1
5876,297560,145,28.1
5876,297560,146,28.1
5876,297560,147,28.0
5876,297560,148,28.0
5876,297560,149,28.0
5876,297560,150,28.0
5876,297560,151,28.0
5876,297560,152,28.0
5876,297560,153,28.0
5876,297560,154,28.0
5876,297560,155,28.0
5876,297560,156,27.9
5876,297560,157,27.9
5876,297560,158,27.9
5876,297560,159,27.9
5876,297560,160,27.9
5876,297560,161,27.9
5876,297560,162,27.9
5876,297560,163,27.8
5876,297560,164,27.8
5876,297560,165,27.8
5876,297560,166,27.8
5876,297560,167,27.8
5876,297560,168,27.8
5876,297560,169,27.8
5876,297560,170,27.8
5876,297560,171,27.8
5876,297560,172,27.7
5876,297560,173,27.7
5876,297560,174,27.7
5876,297560,175,27.7
5876,297560,176,27.7
5876,297560,177,27.6
5876,297560,178,27.7
5876,297560,179,27.7
5876,297560,180,27.6
5876,297560,181,27.6
5876,297560,182,27.6
5876,297560,183,27.6
5876,297560,184,27.6
5876,297560,185,27.6
5876,297560,186,27.6
5876,297560,187,27.6
5876,297560,188,27.5
5876,297560,189,27.5
5876,297560,190,27.5
5876,297560,191,27.5
5876,297560,192,27.5
5876,297560,193,27.5
5876,297560,194,27.5
5876,297560,195,27.4
5876,297560,196,27.4
5876,297560,197,27.4
5876,297560,198,27.4
5876,297560,199,27.4
5876,297560,200,27.4
5876,297560,201,27.4
5876,297560,202,27.4
5876,297560,203,27.4
5876,297560,204,27.4
5876,297560,205,27.3
5876,297560,206,27.3
5876,297560,207,27.3
5876,297560,208,27.3
5876,297560,209,27.3
5876,297560,210,27.3
5876,297560,211,27.3
5876,297560,212,27.3
5876,297560,213,27.3
5876,297560,214,27.3
5876,297560,215,27.2
5876,297560,216,27.8
5876,297560,217,27.8
5876,297562,1,27.6
5876,297562,2,27.6
5876,297562,3,27.5
5876,297562,4,27.5
5876,297562,5,27.5
5876,297562,6,27.5
5876,297562,7,27.5
5876,297562,8,27.5
5876,297562,9,27.5
5876,297562,10,27.5
5876,297562,11,27.4
5876,297562,12,27.4
5876,297562,13,27.4
5876,297562,14,27.4
5876,297562,15,27.4
5876,297562,16,27.4
5876,297562,17,27.4
5876,297562,18,27.4
5876,297562,19,27.4
5876,297562,20,27.3
5876,297562,21,27.3
5876,297562,22,27.3
5876,297562,23,27.3
5876,297562,24,27.3
5876,297562,25,27.3
5876,297562,26,27.3
5876,297562,27,27.3
5876,297562,28,27.2
5876,297562,29,27.2
5876,297562,30,27.2
5876,297562,31,27.2
5876,297562,32,27.2
5876,297562,33,27.2
5876,297562,34,27.2
5876,297562,35,27.2
5876,297562,36,27.1
5876,297562,37,27.1
5876,297562,38,27.0
5876,297562,39,27.1
5876,297562,40,27.1
5876,297562,41,27.1
5876,297562,42,27.1
5876,297562,43,27.1
5876,297562,44,27.1
5876,297562,45,27.0
5876,297562,46,27.0
5876,297562,47,27.0
5876,297562,48,27.0
5876,297562,49,27.0
5876,297562,50,27.0
5876,297562,51,27.0
5876,297562,52,27.0
5876,297562,53,26.9
5876,297562,54,26.9
5876,297562,55,26.9
5876,297562,56,26.9
5876,297562,57,26.9
5876,297562,58,26.9
5876,297562,59,26.9
5876,297562,60,26.9
5876,297562,61,26.9
5876,297562,62,26.9
5876,297562,63,26.8
5876,297562,64,26.8
5876,297562,65,26.8
5876,297562,66,26.8
5876,297562,67,26.8
5876,297562,68,26.8
5876,297562,69,26.8
5876,297562,70,26.7
5876,297562,71,26.7
5876,297562,72,26.7
5876,297562,73,26.7
5876,297562,74,26.7
5876,297562,75,26.7
5876,297562,76,26.7
5876,297562,77,26.7
5876,297562,78,26.7
5876,297562,79,26.7
5876,297562,80,26.6
5876,297562,81,26.6
5876,297562,82,26.6
5876,297562,83,26.6
5876,297562,84,26.6
5876,297562,85,26.6
5876,297562,86,26.6
5876,297562,87,26.6
5876,297562,88,26.5
5876,297562,89,26.5
5876,297562,90,26.4
5876,297562,91,26.6
5876,297562,92,26.5
5876,297562,93,26.5
5876,297562,94,26.5
5876,297562,95,26.4
5876,297562,96,26.4
5876,297562,97,26.4
5876,297562,98,26.4
5876,297562,99,26.4
5876,297562,100,26.4
5876,297562,101,26.4
5876,297562,102,26.4
5876,297562,103,26.3
5876,297562,104,26.3
5876,297562,105,26.3
5876,297562,106,26.3
5876,297562,107,26.3
5876,297562,108,26.3
5876,297562,109,26.3
5876,297562,110,26.3
5876,297562,111,26.3
5876,297562,112,26.3
5876,297562,113,26.2
5876,297562,114,26.2
5876,297562,115,26.2
5876,297562,116,26.2
5876,297562,117,26.2
5876,297562,118,26.2
5876,297562,119,26.2
5876,297562,120,26.2
5876,297562,121,26.2
5876,297562,122,26.1
5876,297562,123,26.1
5876,297562,124,26.1
5876,297562,125,26.0
5876,297562,126,26.1
5876,297562,127,26.1
5876,297562,128,26.1
5876,297562,129,26.1
5876,297562,130,26.0
5876,297562,131,26.0
5876,297562,132,26.1
5876,297562,133,26.0
5876,297562,134,26.0
5876,297562,135,26.0
5876,297562,136,26.0
5876,297562,137,26.0
5876,297562,138,26.0
5876,297562,139,25.9
5876,297562,140,25.9
5876,297562,141,25.9
5876,297562,142,25.9
5876,297562,143,25.9
5876,297562,144,25.9
5876,297562,145,25.9
5876,297562,146,25.9
5876,297562,147,25.9
5876,297562,148,25.8
5876,297562,149,25.8
5876,297562,150,25.8
5876,297562,151,25.8
5876,297562,152,25.8
5876,297562,153,25.8
5876,297562,154,25.8
5876,297562,155,25.8
5876,297562,156,25.8
5876,297562,157,25.7
5876,297562,158,25.6
5876,297562,159,25.7
5876,297562,160,25.7
5876,297562,161,25.6
5876,297562,162,25.6
5876,297562,163,25.6
5876,297562,164,25.6
5876,297562,165,25.6
5876,297562,166,25.6
5876,297562,167,25.6
5876,297562,168,25.5
5876,297562,169,25.5
5876,297562,170,25.5
5876,297562,171,25.5
5876,297562,172,25.5
5876,297562,173,25.5
5876,297562,174,25.5
5876,297562,175,25.5
5876,297562,176,25.4
5876,297562,177,25.4
5876,297562,178,25.4
5876,297562,179,25.4
5876,297562,180,25.4
5876,297562,181,25.4
5876,297562,182,25.4
5876,297562,183,25.3
5876,297562,184,25.3
5876,297562,185,25.3
5876,297562,186,25.3
5876,297562,187,25.3
5876,297562,188,25.3
5876,297562,189,25.3
5876,297562,190,25.2
5876,297562,191,25.2
5876,297562,192,25.2
5876,297562,193,25.2
5876,297562,194,25.3
5876,297562,195,25.2
5876,297562,196,25.2
5876,297562,197,25.2
5876,297562,198,25.2
5876,297562,199,25.2
5876,297562,200,25.2
5876,297562,201,25.1
5876,297562,202,25.1
5876,297562,203,25.1
5876,297562,204,25.1
5876,297562,205,25.1
5876,297562,206,25.1
5876,297562,207,24.9
5876,297562,208,25.0
5876,297562,209,25.0
5876,297562,210,25.0
5876,297562,211,25.0
5876,297562,212,25.0
5876,297562,213,25.0
5876,297562,214,25.0
5876,297562,215,25.0
5876,297562,216,25.0
5876,297562,217,24.9
5876,297562,218,24.9
5876,297562,219,24.9
5876,297562,220,24.9
5876,297562,221,24.9
5876,297562,222,24.9
5876,297562,223,24.9
5876,297562,224,24.9
5876,297562,225,24.9
5876,297562,226,24.9
5876,297562,227,24.9
5876,297562,228,24.8
5876,297562,229,24.8
5876,297562,230,24.8
5876,297562,231,24.8
5876,297562,232,24.8
5876,297562,233,24.8
5876,297562,234,24.8
5876,297562,235,24.8
5876,297562,236,24.8
5876,297562,237,24.8
5876,297562,238,24.8
5876,297562,239,24.8
5876,297562,240,24.8
5876,297562,241,24.8
5876,297562,242,24.8
5876,297562,243,24.7
5876,297562,244,24.7
5876,297562,245,24.7
5876,297562,246,24.7
5876,297562,247,24.7
5876,297562,248,24.7
5876,297562,249,24.7
5876,297562,250,24.7
5876,297562,251,24.7
5876,297562,252,24.7
5876,297562,253,24.7
5876,297562,254,24.7
5876,297562,255,24.7
5876,297562,256,24.7
5876,297562,257,24.7
5876,297562,258,24.7
5876,297562,259,24.7
5876,297562,260,24.6
5876,297562,261,24.6
5876,297562,262,24.7
5876,297562,263,24.6
5876,297562,264,24.6
5876,297562,265,24.6
5876,297562,266,24.6
5876,297562,267,24.6
5876,297562,268,24.5
5876,297562,269,24.6
5876,297562,270,24.6
5876,297562,271,24.6
5876,297562,272,24.5
5876,297562,273,24.5
5876,297562,274,24.5
5876,297562,275,24.5
5876,297562,276,24.5
5876,297562,277,24.5
5876,297562,278,24.5
5876,297562,279,24.5
5876,297562,280,24.5
5876,297562,281,24.5
5876,297562,282,24.5
5876,297562,283,24.5
5876,297562,284,24.5
5876,297562,285,24.5
5876,297562,286,24.5
5876,297562,287,24.4
5876,297562,288,24.4
5876,297562,289,24.4
5876,297562,290,24.4
5876,297562,291,24.4
5876,297562,292,24.4
5876,297562,293,24.4
5876,297562,294,24.4
5876,297562,295,24.4
5876,297562,296,24.3
5876,297562,297,24.3
5876,297562,298,24.3
5876,297562,299,24.3
5876,297562,300,24.3
5876,297562,301,24.3
5876,297562,302,24.3
5876,297562,303,24.3
5876,297562,304,24.3
5876,297562,305,24.3
5876,297562,306,24.3
5876,297562,307,24.3
5876,297562,308,24.2
5876,297562,309,24.2
5876,297562,310,24.2
5876,297562,311,24.2
5876,297562,312,24.2
5876,297562,313,24.2
5876,297562,314,24.2
5876,297562,315,24.2
5876,297562,316,24.2
5876,297562,317,24.2
5876,297562,318,24.1
5876,297562,319,24.1
5876,297562,320,24.1
5876,297562,321,24.1
5876,297562,322,24.1
5876,297562,323,24.1
5876,297562,324,24.1
5876,297562,325,24.1
5876,297562,326,24.1
5876,297562,327,24.1
5876,297562,328,24.1
5876,297562,329,24.1
5876,297562,330,24.1
5876,297562,331,24.1
5876,297562,332,24.1
5876,297562,333,24.1
5876,297562,334,24.1
5876,297562,335,24.0
5876,297562,336,24.0
5876,297562,337,24.0
5876,297562,338,24.0
5876,297562,339,23.9
5876,297562,340,23.1
5876,297562,341,24.0
5876,297562,342,23.9
5876,297562,343,24.0
5876,297562,344,24.1
5876,297562,345,24.1
5876,297562,346,24.1
5876,297562,347,24.1
5876,297562,348,24.1
5876,297562,349,24.1
5876,297562,350,24.0
5876,297562,351,24.0
5876,297562,352,24.0
5876,297562,353,24.0
5876,297562,354,24.0
5876,297562,355,24.0
5876,297562,356,24.0
5876,297562,357,24.0
5876,297562,358,23.9
5876,297562,359,24.0
5876,297562,360,24.0
5876,297562,361,23.9
5876,297562,362,23.9
5876,297562,363,23.9
5876,297562,364,23.9
5876,297562,365,23.9
5876,297562,366,23.9
5876,297562,367,23.9
5876,297562,368,23.9
5876,297563,1,23.8
5876,297563,2,23.8
5876,297563,3,23.8
5876,297563,4,23.8
5876,297563,5,23.8
5876,297563,6,23.8
5876,297563,7,23.8
5876,297563,8,23.8
5876,297563,9,23.8
5876,297563,10,23.7
5876,297563,11,23.7
5876,297563,12,23.7
5876,297563,13,23.7
5876,297563,14,23.7
5876,297563,15,23.7
5876,297563,16,23.7
5876,297563,17,23.7
5876,297563,18,23.7
5876,297563,19,23.7
5876,297563,20,23.7
5876,297563,21,23.6
5876,297563,22,23.6
5876,297563,23,23.6
5876,297563,24,23.6
5876,297563,25,23.6
5876,297563,26,23.6
5876,297563,27,23.6
5876,297563,28,23.5
5876,297563,29,23.5
5876,297563,30,23.5
5876,297563,31,23.5
5876,297563,32,23.5
5876,297563,33,23.5
5876,297563,34,23.5
5876,297563,35,23.5
5876,297563,36,23.5
5876,297563,37,23.5
5876,297563,38,23.5
5876,297563,39,23.4
5876,297563,40,23.4
5876,297563,41,23.4
5876,297563,42,23.4
5876,297563,43,23.4
5876,297563,44,23.4
5876,297563,45,23.4
5876,297563,46,23.4
5876,297563,47,23.4
5876,297563,48,23.4
5876,297563,49,23.3
5876,297563,50,23.3
5876,297563,51,23.3
5876,297563,52,23.3
5876,297563,53,23.3
5876,297563,54,23.3
5876,297563,55,23.3
5876,297563,56,23.3
5876,297563,57,23.3
5876,297563,58,23.3
5876,297563,59,23.3
5876,297563,60,23.2
5876,297563,61,23.2
5876,297563,62,23.2
5876,297563,63,23.2
5876,297563,64,23.2
5876,297563,65,23.2
5876,297563,66,23.2
5876,297563,67,23.2
5876,297563,68,23.2
5876,297563,69,23.2
5876,297563,70,23.2
5876,297563,71,23.2
5876,297563,72,23.1
5876,297563,73,23.1
5876,297563,74,23.1
5876,297563,75,23.1
5876,297563,76,23.1
5876,297563,77,23.1
5876,297563,78,23.1
5876,297563,79,23.1
5876,297563,80,23.1
5876,297563,81,23.1
5876,297563,82,23.1
5876,297563,83,23.1
5876,297563,84,23.0
5876,297563,85,23.0
5876,297563,86,23.0
5876,297563,87,23.0
5876,297563,88,23.0
5876,297563,89,23.0
5876,297563,90,23.0
5876,297563,91,23.0
5876,297563,92,23.0
5876,297563,93,23.0
5876,297563,94,23.0
5876,297563,95,22.9
5876,297563,96,22.9
5876,297563,97,22.9
5876,297563,98,22.9
5876,297563,99,22.9
5876,297563,100,22.9
5876,297563,101,22.9
5876,297563,102,22.9
5876,297563,103,22.9
5876,297563,104,22.9
5876,297563,105,22.9
5876,297563,106,22.9
5876,297563,107,22.8
5876,297563,108,22.8
5876,297563,109,22.8
5876,297563,110,22.8
5876,297563,111,22.8
5876,297563,112,22.8
5876,297563,113,22.8
5876,297563,114,22.8
5876,297563,115,22.8
5876,297563,116,22.8
5876,297563,117,22.8
5876,297563,118,22.7
5876,297563,119,22.7
5876,297563,120,22.7
5876,297563,121,22.7
5876,297563,122,22.7
5876,297563,123,22.7
5876,297563,124,22.7
5876,297563,125,23.1
5876,297563,126,23.0
5876,297563,127,23.0
5876,297563,128,23.0
5876,297563,129,23.0
5876,297563,130,23.0
5876,297563,131,23.0
5876,297563,132,23.0
5876,297563,133,23.0
5876,297563,134,23.0
5876,297563,135,23.0
5876,297563,136,22.9
5876,297563,137,22.9
5876,297563,138,22.9
5876,297563,139,22.9
5876,297563,140,22.9
5876,297563,141,22.9
5876,297563,142,22.9
5876,297563,143,22.9
5876,297563,144,22.9
5876,297563,145,22.9
5876,297563,146,22.9
5876,297563,147,22.9
5876,297563,148,22.9
5876,297563,149,22.8
5876,297563,150,22.8
5876,297563,151,22.8
5876,297563,152,22.8
5876,297563,153,22.8
5876,297563,154,22.8
5876,297563,155,22.8
5876,297563,156,22.8
5876,297563,157,22.8
5876,297563,158,22.7
5876,297563,159,22.8
5876,297563,160,22.7
5876,297563,161,22.7
5876,297563,162,22.7
5876,297563,163,22.7
5876,297563,164,22.7
5876,297563,165,22.7
5876,297563,166,22.7
5876,297563,167,22.7
5876,297563,168,22.7
5876,297563,169,22.7
5876,297563,170,22.7
5876,297563,171,22.7
5876,297563,172,22.6
5876,297563,173,22.6
5876,297563,174,22.6
5876,297563,175,22.6
5876,297563,176,22.6
5876,297563,177,22.5
5876,297563,178,22.6
5876,297563,179,22.6
5876,297563,180,22.6
5876,297563,181,22.6
5876,297563,182,22.6
5876,297563,183,22.5
5876,297563,184,22.5
5876,297563,185,22.5
5876,297563,186,22.5
5876,297563,187,22.5
5876,297563,188,22.5
5876,297563,189,22.5
5876,297563,190,22.5
5876,297563,191,22.5
5876,297563,192,22.5
5876,297563,193,22.4
5876,297563,194,22.4
5876,297563,195,22.4
5876,297563,196,22.4
5876,297563,197,22.4
5876,297563,198,22.4
5876,297563,199,22.4
5876,297563,200,22.4
5876,297563,201,22.4
5876,297563,202,22.4
5876,297563,203,22.4
5876,297563,204,22.4
5876,297563,205,22.3
5876,297563,206,22.3
5876,297563,207,22.3
5876,297563,208,22.3
5876,297563,209,22.3
5876,297563,210,22.3
5876,297563,211,22.3
5876,297563,212,22.3
5876,297563,213,22.3
5876,297563,214,22.3
5876,297563,215,22.2
5876,297563,216,22.2
5876,297563,217,22.2
5876,297563,218,22.2
5876,297563,219,22.2
5876,297563,220,22.2
5876,297563,221,22.2
5876,297563,222,22.2
5876,297563,223,22.2
5876,297563,224,22.2
5876,297563,225,22.2
5876,297563,226,22.1
5876,297563,227,22.1
5876,297563,228,22.1
5876,297563,229,22.1
5876,297563,230,22.1
5876,297563,231,22.1
5876,297563,232,22.1
5876,297563,233,22.1
5876,297563,234,22.1
5876,297563,235,22.1
5876,297563,236,22.1
5876,297563,237,22.1
5876,297563,238,22.1
5876,297563,239,22.0
5876,297563,240,22.0
5876,297563,241,22.0
5876,297563,242,22.0
5876,297563,243,22.0
5876,297563,244,22.0
5876,297563,245,22.0
5876,297563,246,22.0
5876,297563,247,22.0
5876,297563,248,22.0
5876,297563,249,22.0
5876,297563,250,22.0
5876,297563,251,21.9
5876,297563,252,21.9
5876,297563,253,21.9
5876,297563,254,21.9
5876,297563,255,21.9
5876,297563,256,21.9
5876,297563,257,21.9
5876,297563,258,21.9
5876,297563,259,21.9
5876,297563,260,21.8
5876,297563,261,21.9
5876,297563,262,21.8
5876,297563,263,21.8
5876,297563,264,21.8
5876,297563,265,21.8
5887,297722,27,42.2
5887,297722,28,42.2
5887,297722,29,42.1
5887,297722,30,42.1
5887,297722,31,42.1
5887,297722,32,42.1
5887,297722,33,42.0
5887,297722,34,42.0
5887,297722,35,16.2
5887,297722,36,14.4
5887,297722,37,32.1
5887,297722,38,32.6
5887,297722,39,15.0
5887,297722,40,7.0
5887,297722,41,4.2
5887,297722,42,29.9
5887,297722,43,41.7
5887,297722,44,17.9
5887,297722,45,6.1
5887,297722,46,41.7
5887,297722,47,41.7
5887,297722,48,41.6
5887,297722,49,41.7
5887,297722,50,41.6
5887,297722,51,41.6
5887,297722,52,41.5
5887,297722,53,41.5
5887,297722,54,41.5
5887,297722,55,41.4
5887,297722,56,41.4
5887,297722,57,41.4
5887,297722,58,41.3
5887,297722,59,41.3
5887,297722,60,41.2
5887,297722,61,41.2
5887,297722,62,41.2
5887,297722,63,41.1
5887,297722,64,41.1
5887,297722,65,41.0
5887,297722,66,41.0
5887,297722,67,41.0
5887,297722,68,40.9
5887,297722,69,40.9
5887,297722,70,40.9
5887,297722,71,40.8
5887,297722,72,40.8
5887,297722,73,40.8
5887,297722,74,40.8
5887,297722,75,40.7
5887,297722,76,40.7
5887,297722,77,40.8
5887,297722,78,40.7
5887,297722,79,40.7
5887,297722,80,40.7
5887,297722,81,40.7
5887,297722,82,40.6
5887,297722,83,40.6
5887,297722,84,40.6
5887,297722,85,40.6
5887,297722,86,40.5
5887,297722,87,40.5
5887,297722,88,40.5
5887,297722,89,40.5
5887,297722,90,40.4
5887,297722,91,40.4
5887,297722,92,40.3
5887,297722,93,40.3
5887,297722,94,40.3
5887,297722,95,40.2
5887,297722,96,40.3
5887,297722,97,40.2
5887,297722,98,40.2
5887,297722,99,40.1
5887,297722,100,40.1
5887,297722,101,40.1
5887,297722,102,40.1
5887,297722,103,40.1
5887,297722,104,40.1
5887,297722,105,40.1
5887,297722,106,40.0
5887,297722,107,40.0
5887,297722,108,40.0
5887,297722,109,40.0
5887,297722,110,40.0
5887,297722,111,39.9
5887,297722,112,39.8
5887,297722,113,39.7
5887,297722,114,39.8
5887,297722,115,39.8
5887,297722,116,39.8
5887,297722,117,39.6
5887,297722,118,39.8
5887,297722,119,39.9
5887,297722,120,39.7
5887,297722,121,39.7
5887,297722,122,39.7
5887,297722,123,39.6
5887,297722,124,39.6
5887,297722,125,39.6
5887,297722,126,39.6
5887,297722,127,39.6
5887,297722,128,39.5
5887,297722,129,39.5
5887,297722,130,39.5
5887,297722,131,39.5
5887,297722,132,39.5
5887,297722,133,39.4
5887,297722,134,39.4
5887,297722,135,39.5
5887,297722,136,39.5
5887,297722,137,39.5
5887,297722,138,39.5
5887,297722,139,39.5
5887,297722,140,39.5
5887,297722,141,39.4
5887,297722,142,39.4
5887,297722,143,39.4
5887,297722,144,39.5
5887,297722,145,39.4
5887,297722,146,39.4
5887,297722,147,39.4
5887,297722,148,39.4
5887,297722,149,39.4
5887,297722,150,39.3
5887,297722,151,39.3
5887,297722,152,37.4
5887,297722,153,37.6
5887,297722,154,33.3
5887,297722,155,38.7
5887,297722,156,39.1
5887,297722,157,39.1
5887,297722,158,39.8
5887,297722,159,39.8
5887,297722,160,39.8
5887,297722,161,39.8
5887,297722,162,39.7
5887,297722,163,39.7
5887,297722,164,39.7
5887,297722,165,39.7
5887,297722,166,39.7
5887,297722,167,39.6
5887,297722,168,39.6
5887,297722,169,39.6
5887,297722,170,39.6
5887,297722,171,39.6
5887,297722,172,39.6
5887,297722,173,39.5
5887,297722,174,39.5
5887,297722,175,39.5
5887,297722,176,39.5
5887,297722,177,39.5
5887,297722,178,39.5
5887,297722,179,39.4
5887,297722,180,39.4
5887,297722,181,39.4
5887,297722,182,39.4
5887,297722,183,39.4
5887,297722,184,39.3
5887,297722,185,39.3
5887,297722,186,39.3
5887,297722,187,39.3
5887,297722,188,39.3
5887,297722,189,39.2
5887,297722,190,39.2
5887,297722,191,39.2
5887,297722,192,39.2
5887,297722,193,39.2
5887,297722,194,39.2
5887,297722,195,39.1
5887,297722,196,39.1
5887,297722,197,39.1
5887,297722,198,39.1
5887,297722,199,39.1
5887,297722,200,39.1
5887,297722,201,39.0
5887,297722,202,39.0
5887,297722,203,39.0
5887,297722,204,39.0
5887,297722,205,39.0
5887,297722,206,38.9
5887,297722,207,38.9
5887,297722,208,38.9
5887,297722,209,38.9
5887,297722,210,38.9
5887,297722,211,38.9
5887,297722,212,38.8
5887,297722,213,38.8
5887,297722,214,38.8
5887,297722,215,38.8
5887,297722,216,38.8
5887,297722,217,38.8
5887,297722,218,38.7
5887,297722,219,38.7
5887,297722,220,38.7
5887,297722,221,38.7
5887,297722,222,38.7
5887,297722,223,38.6
5887,297722,224,38.6
5887,297722,225,38.6
5887,297722,226,38.6
5887,297722,227,38.6
5887,297722,228,38.6
5887,297722,229,38.6
5887,297722,230,38.5
5887,297722,231,38.5
5887,297722,232,38.5
5887,297722,233,38.5
5887,297722,234,38.5
5887,297722,235,38.5
5887,297722,236,38.4
5887,297722,237,38.4
5887,297722,238,38.4
5887,297722,239,38.3
5887,297722,240,38.3
5887,297722,241,38.4
5887,297722,242,38.3
5887,297722,243,38.3
5887,297722,244,38.3
5887,297722,245,38.3
5887,297722,246,38.3
5887,297722,247,38.3
5887,297722,248,38.2
5887,297722,249,38.2
5887,297722,250,38.2
5887,297722,251,38.2
5887,297722,252,38.2
5887,297722,253,38.2
5887,297722,254,38.1
5887,297722,255,38.1
5887,297722,256,38.1
5887,297722,257,38.1
5887,297722,258,38.1
5887,297722,259,38.1
5887,297722,260,38.0
5887,297722,261,38.0
5887,297722,262,38.0
5887,297722,263,38.0
5887,297722,264,38.0
5887,297722,265,38.0
5887,297722,266,37.9
5887,297722,267,37.9
5887,297722,268,37.9
5887,297722,269,37.9
5887,297722,270,37.9
5887,297722,271,37.9
5887,297722,272,37.8
5887,297722,273,37.8
5887,297722,274,37.8
5887,297722,275,37.8
5887,297722,276,37.8
5887,297722,277,37.7
5887,297722,278,37.7
5887,297722,279,37.7
5887,297722,280,37.7
5887,297722,281,37.7
5887,297722,282,37.7
5887,297722,283,37.6
5887,297722,284,37.6
5887,297722,285,37.6
5887,297722,286,37.6
5887,297722,287,36.1
5887,297722,288,35.5
5887,297722,289,35.1
5887,297722,290,37.5
5887,297722,291,37.5
5887,297722,292,37.6
5887,297722,293,37.6
5887,297722,294,37.5
5887,297722,295,37.5
5887,297722,296,37.5
5887,297722,297,37.5
5887,297722,298,37.5
5887,297722,299,37.5
5887,297722,300,37.4
5887,297722,301,37.4
5887,297722,302,37.4
5887,297722,303,37.4
5887,297722,304,37.4
5887,297722,305,37.4
5887,297722,306,37.3
5887,297722,307,37.3
5887,297722,308,37.3
5887,297722,309,37.2
5887,297722,310,37.3
5887,297722,311,37.3
5887,297722,312,37.3
5887,297722,313,37.2
5887,297722,314,37.2
5887,297722,315,37.2
5887,297722,316,37.2
5887,297722,317,37.2
5887,297722,318,37.2
5887,297722,319,37.1
5887,297722,320,37.1
5887,297722,321,37.1
5887,297722,322,37.0
5887,297722,323,37.1
5887,297722,324,37.1
5887,297722,325,37.1
5887,297722,326,37.0
5887,297722,327,37.1
5887,297722,328,37.0
5887,297722,329,37.0
5887,297722,330,37.0
5887,297722,331,37.0
5887,297722,332,37.0
5887,297722,333,37.0
5887,297722,334,36.9
5887,297722,335,36.9
5887,297722,336,36.9
5887,297722,337,36.8
5887,297722,338,37.6
5887,297722,339,37.7
5887,297722,340,37.7
5887,297722,341,37.7
5887,297722,342,37.6
5887,297722,343,37.6
5887,297722,344,37.6
5887,297722,345,37.5
5887,297723,1,36.4
5887,297723,2,36.4
5887,297723,3,36.4
5887,297723,4,36.3
5887,297723,5,36.3
5887,297723,6,36.3
5887,297723,7,36.3
5887,297723,8,36.3
5887,297723,9,36.3
5887,297723,10,36.3
5887,297723,11,36.2
5887,297723,12,36.2
5887,297723,13,36.2
5887,297723,14,36.2
5887,297723,15,36.2
5887,297723,16,36.2
5887,297723,17,36.1
5887,297723,18,36.1
5887,297723,19,36.1
5887,297723,20,36.1
5887,297723,21,36.1
5887,297723,22,36.1
5887,297723,23,36.0
5887,297723,24,36.0
5887,297723,25,36.0
5887,297723,26,36.0
5887,297723,27,36.0
5887,297723,28,36.0
5887,297723,29,36.0
5887,297723,30,35.9
5887,297723,31,35.9
5887,297723,32,35.9
5887,297723,33,35.9
5887,297723,34,35.9
5887,297723,35,35.9
5887,297723,36,35.9
5887,297723,37,35.8
5887,297723,38,35.8
5887,297723,39,35.8
5887,297723,40,35.8
5887,297723,41,35.8
5887,297723,42,35.8
5887,297723,43,35.7
5887,297723,44,35.7
5887,297723,45,35.7
5887,297723,46,35.7
5887,297723,47,35.7
5887,297723,48,35.7
5887,297723,49,35.7
5887,297723,50,35.7
5887,297723,51,35.6
5887,297723,52,35.6
5887,297723,53,35.6
5887,297723,54,35.6
5887,297723,55,35.6
5887,297723,56,35.6
5887,297723,57,35.6
5887,297723,58,35.5
5887,297723,59,35.5
5887,297723,60,35.5
5887,297723,61,35.5
5887,297723,62,35.5
5887,297723,63,35.5
5887,297723,64,35.4
5887,297723,65,35.4
5887,297723,66,35.4
5887,297723,67,35.4
5887,297723,68,35.4
5887,297723,69,35.4
5887,297723,70,35.4
5887,297723,71,35.3
5887,297723,72,35.3
5887,297723,73,35.3
5887,297723,74,35.3
5887,297723,75,35.3
5887,297723,76,35.3
5887,297723,77,35.2
5887,297723,78,35.2
5887,297723,79,35.2
5887,297723,80,35.2
5887,297723,81,35.2
5887,297723,82,35.2
5887,297723,83,35.2
5887,297723,84,35.1
5887,297723,85,35.1
5887,297723,86,35.1
5887,297723,87,31.2
5887,297723,88,31.2
5887,297723,89,31.2
5887,297723,90,31.2
5887,297723,91,31.2
5887,297723,92,31.2
5887,297723,93,35.2
5887,297723,94,35.1
5887,297723,95,35.1
5887,297723,96,35.1
5887,297723,97,35.1
5887,297723,98,35.0
5887,297723,99,35.0
5887,297723,100,35.0
5887,297723,101,35.0
5887,297723,102,35.0
5887,297723,103,35.0
5887,297723,104,35.0
5887,297723,105,34.9
5887,297723,106,34.9
5887,297723,107,34.9
5887,297723,108,34.9
5887,297723,109,34.9
5887,297723,110,34.9
5887,297723,111,34.9
5887,297723,112,34.8
5887,297723,113,34.8
5887,297723,114,34.8
5887,297723,115,34.8
5887,297723,116,34.8
5887,297723,117,34.8
5887,297723,118,34.8
5887,297723,119,34.8
5887,297723,120,34.7
5887,297723,121,34.6
5887,297723,122,33.3
5887,297723,123,31.4
5887,297723,124,32.3
5887,297723,125,34.7
5887,297723,126,34.6
5887,297723,127,34.6
5887,297723,128,34.6
5887,297723,129,34.6
5887,297723,130,34.6
5887,297723,131,34.6
5887,297723,132,34.6
5887,297723,133,34.6
5887,297723,134,34.6
5887,297723,135,34.5
5887,297723,136,34.5
5887,297723,137,34.5
5887,297723,138,34.5
5887,297723,139,34.5
5887,297723,140,34.5
5887,297723,141,34.4
5887,297723,142,34.4
5887,297723,143,34.4
5887,297723,144,34.4
5887,297723,145,34.4
5887,297723,146,34.4
5887,297723,147,34.4
5887,297723,148,34.4
5887,297723,149,34.4
5887,297723,150,34.3
5887,297723,151,34.3
5887,297723,152,34.3
5887,297723,153,34.3
5887,297723,154,34.3
5887,297723,155,34.2
5887,297723,156,34.2
5887,297723,157,34.2
5887,297723,158,34.2
5887,297723,159,34.2
5887,297723,160,34.2
5887,297723,161,34.2
5887,297723,162,34.1
5887,297723,163,34.1
5887,297723,164,34.1
5887,297723,165,34.1
5887,297723,166,34.1
5887,297723,167,34.0
5887,297723,168,34.1
5887,297723,169,34.0
5887,297723,170,34.0
5887,297723,171,34.0
5887,297723,172,34.0
5887,297723,173,34.0
5887,297723,174,34.0
5887,297723,175,34.0
5887,297723,176,33.9
5887,297723,177,33.9
5887,297723,178,33.9
5887,297723,179,33.9
5887,297723,180,33.9
5887,297723,181,33.9
5887,297723,182,33.9
5887,297723,183,33.8
5887,297723,184,33.9
5887,297723,185,33.8
5887,297723,186,33.8
5887,297723,187,33.8
5887,297723,188,33.8
5887,297723,189,33.8
5887,297723,190,33.8
5887,297723,191,33.8
5887,297723,192,33.7
5887,297723,193,33.8
5887,297723,194,33.7
5887,297723,195,33.7
5887,297723,196,33.7
5887,297723,197,33.7
5887,297723,198,33.7
5887,297723,199,33.6
5887,297723,200,33.6
5887,297723,201,33.6
5887,297723,202,33.6
5887,297723,203,33.5
5887,297723,204,33.6
5887,297723,205,33.6
5887,297723,206,33.6
5887,297723,207,33.5
5887,297723,208,33.5
5887,297723,209,33.5
5887,297723,210,33.5
5887,297723,211,33.5
5887,297723,212,33.5
5887,297723,213,33.5
5887,297723,214,33.4
5887,297723,215,33.4
5887,297723,216,33.4
5887,297723,217,33.4
5887,297723,218,33.4
5887,297723,219,33.3
5887,297723,220,33.4
5887,297723,221,33.4
5887,297723,222,33.4
5887,297723,223,33.3
