"Fill", "Run", "LS", "Pileup"
4525, 259721, 75, 24.21
4525, 259721, 76, 24.21
4525, 259721, 77, 24.20
4525, 259721, 78, 24.18
4525, 259721, 79, 24.18
4525, 259721, 80, 24.17
4525, 259721, 81, 24.17
4525, 259721, 82, 24.13
4525, 259721, 83, 24.13
4525, 259721, 84, 24.12
4525, 259721, 85, 24.11
4525, 259721, 86, 24.07
4525, 259721, 87, 24.08
4525, 259721, 88, 24.05
4525, 259721, 89, 24.04
4525, 259721, 90, 24.03
4525, 259721, 91, 24.03
4525, 259721, 92, 23.99
4525, 259721, 93, 23.94
4525, 259721, 94, 23.98
4525, 259721, 95, 23.97
4525, 259721, 96, 23.95
4525, 259721, 97, 23.94
4525, 259721, 98, 23.91
4525, 259721, 99, 23.88
4525, 259721, 102, 23.85
4525, 259721, 103, 23.83
4525, 259721, 104, 23.82
4525, 259721, 105, 23.80
4525, 259721, 106, 23.79
4525, 259721, 107, 23.79
4525, 259721, 108, 23.76
4525, 259721, 109, 23.74
4525, 259721, 110, 23.72
4525, 259721, 111, 23.72
4525, 259721, 112, 23.67
4525, 259721, 113, 23.66
4525, 259721, 114, 23.62
4525, 259721, 115, 23.61
4525, 259721, 116, 23.63
4525, 259721, 117, 23.61
4525, 259721, 118, 23.60
4525, 259721, 119, 23.61
4525, 259721, 120, 23.60
4525, 259721, 121, 23.60
4525, 259721, 122, 23.60
4525, 259721, 123, 23.61
4525, 259721, 124, 23.59
4525, 259721, 125, 23.59
4525, 259721, 126, 23.51
4525, 259721, 127, 23.54
4525, 259721, 128, 23.53
4525, 259721, 129, 23.51
4525, 259721, 130, 23.52
4525, 259721, 131, 23.48
4525, 259721, 132, 23.47
4525, 259721, 133, 23.45
4525, 259721, 134, 23.40
4525, 259721, 135, 23.44
4525, 259721, 136, 23.41
4525, 259721, 137, 23.39
4525, 259721, 138, 23.37
4525, 259721, 139, 23.39
4525, 259721, 140, 23.35
4525, 259721, 141, 23.34
4525, 259721, 142, 23.33
4525, 259721, 143, 23.35
4525, 259721, 144, 23.32
4525, 259721, 145, 23.32
4525, 259721, 146, 23.30
4525, 259721, 147, 23.28
4525, 259721, 148, 23.28
4525, 259721, 149, 23.27
4525, 259721, 150, 23.27
4525, 259721, 151, 23.25
4525, 259721, 152, 23.27
4525, 259721, 153, 23.26
4525, 259721, 154, 23.26
4525, 259721, 155, 23.26
4525, 259721, 156, 23.24
4525, 259721, 157, 23.24
4525, 259721, 158, 23.24
4525, 259721, 159, 23.24
4525, 259721, 162, 23.19
4525, 259721, 163, 23.19
4525, 259721, 164, 23.19
4525, 259721, 165, 23.17
4525, 259721, 166, 23.18
4525, 259721, 167, 23.14
4525, 259721, 168, 23.13
4525, 259721, 169, 23.11
4525, 259721, 170, 23.09
4525, 259721, 171, 23.09
4525, 259721, 172, 23.05
4525, 259721, 173, 23.06
4525, 259721, 174, 23.02
4525, 259721, 175, 23.00
4525, 259721, 176, 22.97
4525, 259721, 177, 22.98
4525, 259721, 185, 23.04
4525, 259721, 186, 23.03
4525, 259721, 190, 23.01
4525, 259721, 193, 21.41
4525, 259721, 194, 22.98
4525, 259721, 195, 21.14
4525, 259721, 196, 23.00
4525, 259721, 197, 20.43
4525, 259721, 198, 22.92
4525, 259721, 199, 22.99
4525, 259721, 200, 22.98
4525, 259721, 201, 22.97
4525, 259721, 202, 22.94
4525, 259721, 203, 22.93
4525, 259721, 204, 22.91
4525, 259721, 205, 22.90
4525, 259721, 206, 22.88
4525, 259721, 207, 22.89
4525, 259721, 208, 22.87
4525, 259721, 209, 22.89
4525, 259721, 210, 22.85
4525, 259721, 211, 22.86
4525, 259721, 212, 22.84
4525, 259721, 213, 22.81
4525, 259721, 214, 22.81
4525, 259721, 215, 22.77
4525, 259721, 216, 22.77
4525, 259721, 217, 22.75
4525, 259721, 218, 22.74
4525, 259721, 219, 22.73
4525, 259721, 220, 22.74
4525, 259721, 221, 22.73
4525, 259721, 222, 22.74
4525, 259721, 223, 22.73
4525, 259721, 224, 22.73
4525, 259721, 225, 22.73
4525, 259721, 226, 22.71
4525, 259721, 227, 22.69
4525, 259721, 228, 22.71
4525, 259721, 229, 22.70
4525, 259721, 230, 22.69
4525, 259721, 231, 22.68
4525, 259721, 232, 22.73
4525, 259721, 233, 22.72
4525, 259721, 234, 22.71
4525, 259721, 235, 22.69
4525, 259721, 236, 22.70
4525, 259721, 237, 22.68
4525, 259721, 238, 22.67
4525, 259721, 239, 22.67
4525, 259721, 240, 22.67
4525, 259721, 241, 22.66
4525, 259721, 242, 22.66
4525, 259721, 243, 22.64
4525, 259721, 244, 22.62
4525, 259721, 245, 22.62
4525, 259721, 246, 22.61
4525, 259721, 247, 22.60
4525, 259721, 248, 22.60
4525, 259721, 249, 22.57
4525, 259721, 250, 22.60
4525, 259721, 251, 22.60
4525, 259721, 252, 22.59
4525, 259721, 253, 22.57
4525, 259721, 254, 22.53
4525, 259721, 255, 22.53
4525, 259721, 256, 22.52
4525, 259721, 257, 22.51
4525, 259721, 258, 22.51
4525, 259721, 259, 22.49
4525, 259721, 260, 22.50
4525, 259721, 261, 22.50
4525, 259721, 262, 22.48
4525, 259721, 263, 22.49
4525, 259721, 264, 22.48
4525, 259721, 265, 22.46
4525, 259721, 266, 22.44
4525, 259721, 267, 22.45
4525, 259721, 268, 22.45
4525, 259721, 269, 22.42
4525, 259721, 270, 22.41
4525, 259721, 271, 22.40
4525, 259721, 272, 22.38
4525, 259721, 273, 22.39
4525, 259721, 274, 22.38
4525, 259721, 275, 22.37
4525, 259721, 276, 22.34
4525, 259721, 277, 22.32
4525, 259721, 278, 22.33
4525, 259721, 279, 22.33
4525, 259721, 280, 22.32
4525, 259721, 281, 22.30
4525, 259721, 282, 22.29
4525, 259721, 283, 22.28
4525, 259721, 284, 22.29
4525, 259721, 285, 22.23
4525, 259721, 286, 22.26
4525, 259721, 287, 22.24
4525, 259721, 288, 22.24
4525, 259721, 289, 22.22
4525, 259721, 290, 22.25
4525, 259721, 291, 22.23
4525, 259721, 292, 22.22
4525, 259721, 293, 22.20
4525, 259721, 294, 22.21
4525, 259721, 295, 22.21
4525, 259721, 296, 22.20
4525, 259721, 297, 22.19
4525, 259721, 298, 22.19
4525, 259721, 299, 22.17
4525, 259721, 300, 22.15
4525, 259721, 301, 22.18
4525, 259721, 302, 22.17
4525, 259721, 303, 22.14
4525, 259721, 304, 22.16
4525, 259721, 305, 22.14
4525, 259721, 306, 22.15
4525, 259721, 307, 22.15
4525, 259721, 308, 22.14
4525, 259721, 309, 22.13
4525, 259721, 310, 22.11
4525, 259721, 311, 22.09
4525, 259721, 312, 22.10
4525, 259721, 313, 22.09
4525, 259721, 314, 22.09
4525, 259721, 315, 22.09
4525, 259721, 316, 22.08
4525, 259721, 317, 22.07
4525, 259721, 318, 22.01
4525, 259721, 319, 22.04
4525, 259721, 320, 22.04
4525, 259721, 321, 22.03
4525, 259721, 322, 22.02
4525, 259721, 323, 22.02
4525, 259721, 324, 22.01
4525, 259721, 325, 22.00
4525, 259721, 326, 21.98
4525, 259721, 327, 21.96
4525, 259721, 328, 21.97
4525, 259721, 329, 21.95
4525, 259721, 330, 21.94
4525, 259721, 331, 21.92
4525, 259721, 332, 21.91
4525, 259721, 333, 21.90
4525, 259721, 334, 21.88
4525, 259721, 335, 21.87
4525, 259721, 336, 21.87
4525, 259721, 337, 21.83
4525, 259721, 338, 21.83
4525, 259721, 339, 21.84
4525, 259721, 340, 21.83
4525, 259721, 341, 21.84
4525, 259721, 342, 21.81
4525, 259721, 343, 21.80
4525, 259721, 344, 21.79
4525, 259721, 345, 21.79
4525, 259721, 346, 21.77
4525, 259721, 347, 21.74
4525, 259721, 348, 21.72
4525, 259721, 349, 21.73
4525, 259721, 350, 21.71
4525, 259721, 351, 21.68
4525, 259721, 352, 21.68
4525, 259721, 353, 21.68
4525, 259721, 354, 21.68
4525, 259721, 355, 21.67
4525, 259721, 356, 21.67
4525, 259721, 357, 21.64
4525, 259721, 358, 21.63
4525, 259721, 359, 21.59
4525, 259721, 360, 21.59
4525, 259721, 361, 21.56
4525, 259721, 362, 21.57
4525, 259721, 363, 21.57
4525, 259721, 364, 21.56
4525, 259721, 365, 21.56
4525, 259721, 366, 21.54
4525, 259721, 367, 21.55
4525, 259721, 368, 21.52
4525, 259721, 369, 21.51
4525, 259721, 370, 21.48
4525, 259721, 371, 21.46
4525, 259721, 372, 21.49
4525, 259721, 373, 21.51
4525, 259721, 374, 21.50
4525, 259721, 378, 21.58
4525, 259721, 381, 21.54
4525, 259721, 382, 21.55
4525, 259721, 383, 21.55
4525, 259721, 384, 21.54
4525, 259721, 385, 21.55
4525, 259721, 386, 21.55
4525, 259721, 387, 21.55
4525, 259721, 388, 21.56
4525, 259721, 389, 21.54
4525, 259721, 390, 21.53
4525, 259721, 391, 21.54
4525, 259721, 395, 21.52
4525, 259721, 398, 21.52
4525, 259721, 399, 21.50
4525, 259721, 400, 21.48
4525, 259721, 401, 21.49
4525, 259721, 402, 21.48
4525, 259721, 403, 21.45
4525, 259721, 404, 21.45
4525, 259721, 405, 21.42
4525, 259721, 406, 21.42
4525, 259721, 407, 21.41
4525, 259721, 408, 21.43
4518, 259626, 98, 18.09
4518, 259626, 99, 18.07
4518, 259626, 100, 18.06
4518, 259626, 101, 18.06
4518, 259626, 102, 18.04
4518, 259626, 103, 18.03
4518, 259626, 104, 18.02
4518, 259626, 105, 18.02
4518, 259626, 106, 18.01
4518, 259626, 108, 17.97
4518, 259626, 109, 17.97
4518, 259626, 110, 17.96
4518, 259626, 111, 17.97
4518, 259626, 115, 17.96
4518, 259626, 116, 17.95
4518, 259626, 117, 17.94
4518, 259626, 118, 17.92
4518, 259626, 119, 17.96
4518, 259626, 120, 17.92
4518, 259626, 121, 17.93
4518, 259626, 122, 17.94
4518, 259626, 123, 17.91
4518, 259626, 124, 17.93
4518, 259626, 125, 17.91
4518, 259626, 126, 17.91
4518, 259626, 127, 17.92
4518, 259626, 128, 17.87
4518, 259626, 129, 17.88
4518, 259626, 130, 17.87
4518, 259626, 131, 17.85
4518, 259626, 132, 17.86
4518, 259626, 133, 17.86
4518, 259626, 134, 17.87
4518, 259626, 135, 17.86
4518, 259626, 136, 17.86
4518, 259626, 137, 17.83
4518, 259626, 138, 17.84
4518, 259626, 139, 17.83
4518, 259626, 140, 17.81
4518, 259626, 141, 17.82
4518, 259626, 142, 17.81
4518, 259626, 143, 17.82
4518, 259626, 144, 17.77
4518, 259626, 145, 17.78
4518, 259626, 146, 17.76
4518, 259626, 147, 17.75
4518, 259626, 148, 17.73
4518, 259626, 149, 17.75
4518, 259626, 150, 17.74
4518, 259626, 151, 17.75
4518, 259626, 152, 17.75
4518, 259626, 153, 17.73
4518, 259626, 154, 17.73
4518, 259626, 155, 17.73
4518, 259626, 156, 17.72
4518, 259626, 157, 17.73
4518, 259626, 158, 17.70
4518, 259626, 159, 17.71
4518, 259626, 160, 17.68
4518, 259626, 161, 17.68
4518, 259626, 162, 17.69
4518, 259626, 163, 17.69
4518, 259626, 164, 17.67
4518, 259626, 165, 17.69
4518, 259626, 166, 17.67
4518, 259626, 169, 17.68
4518, 259626, 170, 17.66
4518, 259626, 171, 17.67
4518, 259626, 172, 17.65
4518, 259626, 173, 17.65
4518, 259626, 174, 17.64
4518, 259626, 175, 17.63
4518, 259626, 176, 17.61
4518, 259626, 177, 17.62
4518, 259626, 178, 17.61
4518, 259626, 179, 17.62
4518, 259626, 180, 17.62
4518, 259626, 181, 17.61
4518, 259626, 182, 17.61
4518, 259626, 183, 17.58
4518, 259626, 184, 17.59
4518, 259626, 185, 17.59
4518, 259626, 186, 17.58
4518, 259626, 187, 17.58
4518, 259626, 188, 17.56
4518, 259626, 189, 17.56
4518, 259626, 190, 17.57
4518, 259626, 191, 17.56
4518, 259626, 192, 17.55
4518, 259626, 193, 17.56
4518, 259626, 194, 17.56
4518, 259626, 195, 17.56
4518, 259626, 196, 17.57
4518, 259626, 197, 17.55
4518, 259626, 198, 17.56
4518, 259626, 199, 17.58
4518, 259626, 200, 17.57
4518, 259626, 201, 17.55
4518, 259626, 202, 17.54
4518, 259626, 203, 17.56
4518, 259626, 204, 17.53
4518, 259626, 205, 17.52
4518, 259626, 206, 17.52
4518, 259626, 207, 17.50
4518, 259626, 208, 17.50
4518, 259626, 209, 17.49
4518, 259626, 210, 17.49
4518, 259626, 211, 17.48
4518, 259626, 212, 17.48
4518, 259626, 213, 17.47
4518, 259626, 214, 17.46
4518, 259626, 215, 17.45
4518, 259626, 218, 17.44
4518, 259626, 219, 17.44
4518, 259626, 220, 17.44
4518, 259626, 221, 17.44
4518, 259626, 222, 17.42
4518, 259626, 223, 17.43
4518, 259626, 224, 17.42
4518, 259626, 225, 17.42
4518, 259626, 226, 17.41
4518, 259626, 227, 17.41
4518, 259626, 228, 17.38
4518, 259626, 229, 17.37
4518, 259626, 230, 17.39
4518, 259626, 231, 17.36
4518, 259626, 232, 17.36
4518, 259626, 233, 17.35
4518, 259626, 234, 17.36
4518, 259626, 235, 17.37
4518, 259626, 236, 17.35
4518, 259626, 237, 17.36
4518, 259626, 238, 17.35
4518, 259626, 239, 17.33
4518, 259626, 240, 17.30
4518, 259626, 241, 17.33
4518, 259626, 242, 17.30
4518, 259626, 243, 17.31
4518, 259626, 244, 17.30
4518, 259626, 245, 17.29
4518, 259626, 246, 17.28
4518, 259626, 250, 17.28
4518, 259626, 253, 17.25
4518, 259626, 254, 17.23
4518, 259626, 257, 17.20
4518, 259626, 261, 17.23
4518, 259626, 262, 17.19
4518, 259626, 263, 17.19
4518, 259626, 264, 17.17
4518, 259626, 265, 17.16
4518, 259626, 266, 17.16
4518, 259626, 267, 17.14
4518, 259626, 268, 17.13
4518, 259626, 269, 17.14
4518, 259626, 270, 17.14
4518, 259626, 271, 17.14
4518, 259626, 272, 17.15
4518, 259626, 273, 17.17
4518, 259626, 274, 17.18
4518, 259626, 275, 17.18
4518, 259626, 276, 17.21
4518, 259626, 277, 17.20
4518, 259626, 278, 17.21
4518, 259626, 279, 17.22
4518, 259626, 280, 17.22
4518, 259626, 281, 17.23
4518, 259626, 282, 17.24
4518, 259626, 283, 17.23
4518, 259626, 284, 17.21
4518, 259626, 285, 17.22
4518, 259626, 286, 17.20
4518, 259626, 287, 17.21
4518, 259626, 288, 17.21
4518, 259626, 289, 17.20
4518, 259626, 290, 17.22
4518, 259626, 291, 17.21
4518, 259626, 292, 17.22
4518, 259626, 293, 17.22
4518, 259626, 294, 17.22
4518, 259626, 295, 17.21
4518, 259626, 296, 17.24
4518, 259626, 297, 17.21
4518, 259626, 298, 17.19
4518, 259626, 299, 17.20
4518, 259626, 300, 17.20
4518, 259626, 301, 17.19
4518, 259626, 302, 17.19
4518, 259626, 303, 17.17
4518, 259626, 304, 17.16
4518, 259626, 305, 17.16
4518, 259626, 306, 17.17
4518, 259626, 307, 17.16
4518, 259626, 308, 17.17
4518, 259626, 309, 17.15
4518, 259626, 310, 17.16
4518, 259626, 311, 17.15
4518, 259626, 312, 17.14
4518, 259626, 313, 17.12
4518, 259626, 314, 17.12
4518, 259626, 315, 17.13
4518, 259626, 316, 17.14
4518, 259626, 317, 17.13
4518, 259626, 318, 17.11
4518, 259626, 319, 17.12
4518, 259626, 320, 17.12
4518, 259626, 321, 17.12
4518, 259626, 322, 17.11
4518, 259626, 323, 17.13
4518, 259626, 324, 17.13
4518, 259626, 325, 17.11
4518, 259626, 326, 17.10
4518, 259626, 327, 17.08
4518, 259626, 328, 17.10
4518, 259626, 329, 17.08
4518, 259626, 330, 17.09
4518, 259626, 331, 17.13
4518, 259626, 332, 17.11
4518, 259626, 333, 17.11
4518, 259626, 334, 17.10
4518, 259626, 335, 17.08
4518, 259626, 336, 17.09
4518, 259626, 337, 17.07
4518, 259626, 338, 17.08
4518, 259626, 339, 17.06
4518, 259626, 340, 17.06
4518, 259626, 341, 17.05
4518, 259626, 342, 17.05
4518, 259626, 343, 17.05
4518, 259626, 344, 17.03
4518, 259626, 345, 17.02
4518, 259626, 346, 17.04
4518, 259626, 347, 17.02
4518, 259626, 348, 17.03
4518, 259626, 349, 17.01
4518, 259626, 350, 17.01
4518, 259626, 351, 17.01
4518, 259626, 352, 16.96
4518, 259626, 353, 16.97
4518, 259626, 354, 16.98
4518, 259626, 355, 16.97
4518, 259626, 356, 16.96
4518, 259626, 357, 16.95
4518, 259626, 358, 16.95
4518, 259626, 359, 16.94
4518, 259626, 360, 16.96
4518, 259626, 361, 16.98
4518, 259626, 362, 16.95
4518, 259626, 363, 16.94
4518, 259626, 364, 16.95
4518, 259626, 365, 16.95
4518, 259626, 366, 16.92
4518, 259626, 367, 16.92
4518, 259626, 368, 16.94
4518, 259626, 369, 16.93
4518, 259626, 370, 16.94
4518, 259626, 371, 16.93
4518, 259626, 372, 16.94
4518, 259626, 373, 16.96
4518, 259626, 374, 16.94
4518, 259626, 375, 16.95
4518, 259626, 376, 16.96
4518, 259626, 377, 16.94
4518, 259626, 378, 16.96
4518, 259626, 379, 16.97
4518, 259626, 380, 16.97
4518, 259626, 381, 16.96
4518, 259626, 382, 16.94
4518, 259626, 383, 16.93
4518, 259626, 384, 16.92
4518, 259626, 385, 16.93
4518, 259626, 386, 16.93
4518, 259626, 387, 16.94
4518, 259626, 388, 16.91
4518, 259626, 389, 16.93
4518, 259626, 390, 16.93
4518, 259626, 391, 16.93
4518, 259626, 392, 16.91
4518, 259626, 393, 16.90
4518, 259626, 394, 16.88
4518, 259626, 395, 16.89
4518, 259626, 396, 16.89
4518, 259626, 397, 16.88
4518, 259626, 398, 16.89
4518, 259626, 399, 16.87
4518, 259626, 400, 16.87
4518, 259626, 401, 16.86
4518, 259626, 402, 16.86
4518, 259626, 403, 16.85
4518, 259626, 404, 16.84
4518, 259626, 405, 16.84
4518, 259626, 406, 16.83
4518, 259626, 407, 16.83
4518, 259626, 408, 16.86
4518, 259626, 409, 16.83
4518, 259626, 410, 16.84
4518, 259626, 411, 16.84
4518, 259626, 412, 16.84
4518, 259626, 413, 16.80
4518, 259626, 414, 16.82
4518, 259626, 415, 16.81
4518, 259626, 416, 16.82
4518, 259626, 417, 16.85
4518, 259626, 418, 16.85
4518, 259626, 419, 16.82
4518, 259626, 420, 16.84
4518, 259626, 421, 16.83
4518, 259626, 422, 16.83
4518, 259626, 423, 16.80
4518, 259626, 424, 16.81
4518, 259626, 425, 16.82
4518, 259626, 426, 16.79
4518, 259626, 427, 16.79
4518, 259626, 428, 16.80
4518, 259626, 429, 16.80
4518, 259626, 430, 16.81
4518, 259626, 431, 16.81
4518, 259626, 432, 16.80
4518, 259626, 433, 16.78
4518, 259626, 434, 16.78
4518, 259626, 435, 16.77
4518, 259626, 436, 16.77
4518, 259626, 437, 16.77
4467, 258425, 5, 16.21
4467, 258425, 6, 16.21
4467, 258425, 7, 16.18
4467, 258425, 8, 16.18
4467, 258425, 9, 16.17
4467, 258425, 10, 16.16
4467, 258425, 11, 16.16
4467, 258425, 12, 16.15
4467, 258425, 13, 16.14
4467, 258425, 14, 16.13
4467, 258425, 15, 16.13
4467, 258425, 16, 16.12
4467, 258425, 17, 16.12
4467, 258425, 18, 16.12
4467, 258425, 19, 16.12
4467, 258425, 20, 16.12
4467, 258425, 21, 16.12
4467, 258425, 22, 16.11
4467, 258425, 23, 16.11
4467, 258425, 24, 16.10
4467, 258425, 25, 16.09
4467, 258425, 26, 16.08
4467, 258425, 27, 16.08
4467, 258425, 28, 16.07
4467, 258425, 29, 16.07
4467, 258425, 30, 16.07
4467, 258425, 31, 16.05
4467, 258425, 32, 16.06
4467, 258425, 33, 16.05
4467, 258425, 34, 16.04
4467, 258425, 35, 16.04
4467, 258425, 36, 16.04
4467, 258425, 37, 16.02
4467, 258425, 38, 16.02
4467, 258425, 39, 16.00
4467, 258425, 40, 16.01
4467, 258425, 41, 16.00
4467, 258425, 42, 16.00
4467, 258425, 43, 15.99
4467, 258425, 44, 15.98
4467, 258425, 45, 15.98
4467, 258425, 46, 15.99
4467, 258425, 47, 15.98
4467, 258425, 48, 15.98
4467, 258425, 49, 15.98
4467, 258425, 50, 15.98
4467, 258425, 51, 15.97
4467, 258425, 52, 15.97
4467, 258425, 53, 15.97
4467, 258425, 54, 15.95
4467, 258425, 55, 15.94
4467, 258425, 56, 15.94
4467, 258425, 57, 15.93
4467, 258425, 58, 15.92
4467, 258425, 59, 15.92
4467, 258425, 60, 15.90
4467, 258425, 61, 15.90
4467, 258425, 62, 15.90
4467, 258425, 63, 15.89
4467, 258425, 64, 15.88
4467, 258425, 65, 15.89
4467, 258425, 66, 15.88
4467, 258425, 67, 15.86
4467, 258425, 68, 15.86
4467, 258425, 69, 15.86
4467, 258425, 70, 15.85
4467, 258425, 71, 15.85
4467, 258425, 72, 15.85
4467, 258425, 73, 15.85
4467, 258425, 74, 15.85
4467, 258425, 75, 15.85
4467, 258425, 76, 15.86
4467, 258425, 77, 15.85
4467, 258425, 78, 15.85
4467, 258425, 79, 15.85
4467, 258425, 80, 15.86
4467, 258425, 81, 15.86
4467, 258425, 82, 15.85
4467, 258425, 83, 15.85
4467, 258425, 84, 15.85
4467, 258425, 85, 15.84
4467, 258425, 86, 15.84
4467, 258425, 87, 15.83
4467, 258425, 88, 15.83
4467, 258425, 89, 15.83
4467, 258425, 90, 15.83
4467, 258425, 91, 15.83
4467, 258425, 92, 15.81
4467, 258425, 93, 15.81
4467, 258425, 94, 15.81
4467, 258425, 95, 15.79
4467, 258425, 96, 15.79
4467, 258425, 97, 15.77
4467, 258425, 98, 15.77
4467, 258425, 99, 15.77
4467, 258425, 100, 15.76
4467, 258425, 101, 15.75
4467, 258425, 102, 15.74
4467, 258425, 103, 15.74
4467, 258425, 104, 15.73
4467, 258425, 105, 15.73
4467, 258425, 106, 15.73
4467, 258425, 107, 15.74
4467, 258425, 108, 15.73
4467, 258425, 109, 15.72
4467, 258425, 110, 15.73
4467, 258425, 111, 15.73
4467, 258425, 112, 15.74
4467, 258425, 113, 15.73
4467, 258425, 114, 15.74
4467, 258425, 115, 15.74
4467, 258425, 116, 15.73
4467, 258425, 117, 15.74
4467, 258425, 118, 15.74
4467, 258425, 119, 15.75
4467, 258425, 120, 15.74
4467, 258425, 121, 15.74
4467, 258425, 122, 15.73
4467, 258425, 123, 15.72
4467, 258425, 124, 15.71
4467, 258425, 125, 15.71
4467, 258425, 126, 15.71
4467, 258425, 127, 15.70
4467, 258425, 128, 15.69
4467, 258425, 129, 15.69
4467, 258425, 130, 15.69
4467, 258425, 131, 15.69
4467, 258425, 132, 15.68
4467, 258425, 133, 15.67
4467, 258425, 134, 15.67
4467, 258425, 135, 15.66
4467, 258427, 1, 15.41
4467, 258427, 2, 15.41
4467, 258427, 3, 15.40
4467, 258427, 4, 15.41
4467, 258427, 5, 15.40
4467, 258427, 6, 15.40
4467, 258427, 7, 15.40
4467, 258427, 8, 15.39
4467, 258427, 9, 15.40
4467, 258427, 10, 15.39
4467, 258427, 11, 15.38
4467, 258427, 12, 15.39
4467, 258427, 13, 15.38
4467, 258427, 14, 15.37
4467, 258427, 15, 15.39
4467, 258427, 16, 15.37
4467, 258427, 17, 15.36
4467, 258427, 18, 15.37
4467, 258427, 19, 15.37
4467, 258427, 20, 15.36
4467, 258427, 21, 15.36
4467, 258427, 22, 15.36
4467, 258427, 23, 15.35
4467, 258427, 24, 15.35
4467, 258427, 25, 15.34
4467, 258427, 26, 15.34
4467, 258427, 27, 15.33
4467, 258427, 28, 15.33
4467, 258427, 29, 14.28
4467, 258427, 30, 14.98
4467, 258427, 31, 15.35
4467, 258427, 32, 15.41
4467, 258427, 33, 15.41
4467, 258427, 34, 15.41
4467, 258427, 35, 15.40
4467, 258427, 36, 15.40
4467, 258427, 37, 15.40
4467, 258427, 38, 15.39
4467, 258427, 39, 15.38
4467, 258427, 40, 15.38
4467, 258427, 41, 15.38
4467, 258427, 42, 15.38
4467, 258427, 43, 15.37
4467, 258427, 44, 15.37
4467, 258427, 45, 15.36
4467, 258427, 46, 15.36
4467, 258427, 47, 15.37
4467, 258427, 48, 15.37
4467, 258427, 49, 15.36
4467, 258427, 50, 15.36
4467, 258427, 51, 15.35
4467, 258427, 52, 15.35
4467, 258427, 53, 15.34
4467, 258427, 54, 15.35
4467, 258427, 55, 15.35
4467, 258427, 56, 15.35
4467, 258427, 57, 15.35
4467, 258427, 58, 15.35
4467, 258427, 59, 15.34
4467, 258427, 60, 15.34
4467, 258427, 61, 15.34
4467, 258427, 62, 15.33
4467, 258427, 63, 15.33
4467, 258427, 64, 15.33
4467, 258427, 65, 15.33
4467, 258427, 66, 15.32
4467, 258427, 67, 15.31
4467, 258427, 68, 15.31
4467, 258427, 69, 15.31
4467, 258427, 70, 15.31
4467, 258427, 71, 15.30
4467, 258427, 72, 15.31
4467, 258427, 73, 15.30
4467, 258427, 74, 15.30
4467, 258427, 75, 15.30
4467, 258427, 76, 15.29
4467, 258427, 77, 15.29
4467, 258427, 78, 15.29
4467, 258427, 79, 15.29
4467, 258427, 80, 15.28
4467, 258427, 81, 15.27
4467, 258427, 82, 15.27
4467, 258427, 85, 15.25
4467, 258427, 86, 15.26
4467, 258427, 87, 15.25
4467, 258427, 88, 15.26
4467, 258427, 89, 15.25
4467, 258427, 90, 15.25
4467, 258427, 91, 15.24
4467, 258427, 92, 15.24
4467, 258427, 93, 15.24
4467, 258427, 94, 15.24
4467, 258427, 95, 15.24
4467, 258427, 96, 15.23
4467, 258427, 97, 15.23
4467, 258427, 98, 15.23
4467, 258427, 99, 15.22
4467, 258427, 100, 15.22
4467, 258427, 101, 15.21
4467, 258427, 102, 15.21
4467, 258427, 103, 15.21
4467, 258427, 104, 15.20
4467, 258427, 105, 15.20
4467, 258427, 106, 15.20
4467, 258428, 1, 15.15
4467, 258428, 2, 15.14
4467, 258428, 3, 15.14
4467, 258428, 4, 15.14
4467, 258428, 5, 15.12
4467, 258428, 6, 15.13
4467, 258428, 7, 15.12
4467, 258428, 8, 15.13
4467, 258428, 9, 15.12
4467, 258428, 10, 15.12
4467, 258428, 11, 15.12
4467, 258428, 12, 15.11
4467, 258428, 13, 15.10
4467, 258428, 14, 15.11
4467, 258428, 15, 15.11
4467, 258428, 16, 15.10
4467, 258428, 17, 15.10
4467, 258428, 18, 15.10
4467, 258428, 19, 15.09
4467, 258428, 20, 15.09
4467, 258428, 21, 15.09
4467, 258428, 22, 15.09
4467, 258428, 23, 15.09
4467, 258428, 24, 15.09
4467, 258428, 25, 15.08
4467, 258428, 26, 15.07
4467, 258428, 27, 15.08
4467, 258428, 28, 15.07
4467, 258428, 29, 15.07
4467, 258428, 30, 15.07
4467, 258428, 31, 15.06
4467, 258428, 32, 15.06
4467, 258428, 33, 15.06
4467, 258428, 34, 15.06
4467, 258428, 35, 15.05
4467, 258428, 36, 15.05
4467, 258428, 37, 15.05
4467, 258428, 38, 15.04
4467, 258428, 39, 15.05
4467, 258428, 40, 15.04
4467, 258428, 41, 15.04
4467, 258428, 42, 15.04
4467, 258428, 43, 15.03
4467, 258428, 44, 15.03
4467, 258428, 45, 15.03
4467, 258428, 46, 15.03
4467, 258428, 47, 15.03
4467, 258428, 48, 15.02
4467, 258428, 49, 15.02
4467, 258428, 50, 15.02
4467, 258428, 51, 15.01
4467, 258428, 52, 15.01
4467, 258428, 53, 15.01
4467, 258428, 54, 15.02
4467, 258428, 55, 15.00
4467, 258428, 56, 15.00
4467, 258428, 57, 15.00
4467, 258428, 58, 15.00
4467, 258428, 59, 15.00
4467, 258428, 60, 14.99
4467, 258428, 61, 14.99
4467, 258428, 62, 14.99
4467, 258428, 63, 14.99
4467, 258428, 64, 14.98
4467, 258428, 65, 14.99
4467, 258428, 66, 14.98
4467, 258428, 67, 14.97
4467, 258428, 68, 14.98
4467, 258428, 69, 14.98
4467, 258428, 70, 14.97
4467, 258428, 71, 14.97
4467, 258428, 72, 14.96
4467, 258428, 73, 14.96
4467, 258428, 74, 14.96
4467, 258428, 75, 14.96
4467, 258428, 76, 14.95
4467, 258428, 77, 14.96
4467, 258428, 78, 14.95
4467, 258428, 79, 14.95
4467, 258428, 80, 14.95
4467, 258428, 81, 14.95
4467, 258428, 82, 14.95
4467, 258428, 83, 14.94
4467, 258428, 84, 14.94
4467, 258428, 85, 14.94
4467, 258428, 86, 14.93
4467, 258428, 87, 14.94
4467, 258428, 88, 14.94
4467, 258428, 89, 14.94
4467, 258428, 90, 14.93
4467, 258428, 91, 14.93
4467, 258428, 92, 14.93
4467, 258428, 93, 14.93
4467, 258428, 94, 14.92
4467, 258428, 95, 14.92
4467, 258428, 96, 14.91
4467, 258428, 97, 14.91
4467, 258428, 98, 14.90
4467, 258428, 99, 14.89
4467, 258428, 100, 14.90
4467, 258428, 101, 14.89
4467, 258428, 102, 14.88
4467, 258428, 103, 14.88
4467, 258428, 104, 14.89
4467, 258428, 105, 14.87
4467, 258428, 106, 14.87
4467, 258428, 107, 14.87
4467, 258428, 108, 14.87
4467, 258428, 109, 14.86
4467, 258428, 110, 14.86
4467, 258428, 111, 14.86
4467, 258428, 112, 14.85
4467, 258428, 113, 14.85
4467, 258428, 114, 14.84
4467, 258428, 115, 14.85
4467, 258428, 116, 14.83
4467, 258428, 117, 14.84
4467, 258428, 118, 14.84
4467, 258428, 119, 13.99
4467, 258428, 120, 14.84
4467, 258428, 121, 13.57
4467, 258428, 122, 14.84
4467, 258428, 123, 14.83
4467, 258428, 124, 14.82
4467, 258428, 125, 14.82
4467, 258428, 126, 14.82
4467, 258428, 127, 14.81
4467, 258428, 128, 14.81
4467, 258428, 129, 14.81
4467, 258428, 130, 14.81
4467, 258428, 131, 14.81
4467, 258428, 132, 14.80
4467, 258428, 133, 14.80
4467, 258428, 134, 14.79
4467, 258428, 135, 14.79
4467, 258428, 136, 14.78
4467, 258428, 137, 14.78
4467, 258428, 138, 14.77
4467, 258428, 139, 14.77
4467, 258428, 140, 14.77
4467, 258428, 141, 14.77
4467, 258428, 142, 14.77
4467, 258428, 143, 14.77
4467, 258428, 144, 14.77
4467, 258428, 145, 14.78
4467, 258428, 146, 14.77
4467, 258428, 147, 14.77
4467, 258428, 148, 14.77
4467, 258428, 149, 14.76
4467, 258428, 150, 14.77
4467, 258428, 151, 14.76
4467, 258428, 152, 14.75
4467, 258428, 153, 14.76
4467, 258428, 154, 14.75
4467, 258428, 155, 14.75
4467, 258428, 156, 14.74
4467, 258428, 157, 14.74
4467, 258428, 158, 14.74
4467, 258428, 159, 14.74
4467, 258434, 1, 14.25
4467, 258434, 2, 14.24
4467, 258434, 3, 14.24
4467, 258434, 4, 14.24
4467, 258434, 5, 14.24
4467, 258434, 6, 14.24
4467, 258434, 7, 14.24
4467, 258434, 8, 14.24
4467, 258434, 9, 14.23
4467, 258434, 10, 14.23
4467, 258434, 11, 14.23
4467, 258434, 12, 14.22
4467, 258434, 13, 14.23
4467, 258434, 14, 14.22
4467, 258434, 15, 14.22
4467, 258434, 16, 14.22
4467, 258434, 17, 14.22
4467, 258434, 18, 14.22
4467, 258434, 19, 14.21
4467, 258434, 20, 14.21
4467, 258434, 21, 14.21
4467, 258434, 22, 14.19
4467, 258434, 23, 14.20
4467, 258434, 24, 14.20
4467, 258434, 25, 14.20
4467, 258434, 26, 14.20
4467, 258434, 27, 14.19
4467, 258434, 28, 14.19
4467, 258434, 29, 14.19
4467, 258434, 30, 14.18
4467, 258434, 31, 14.18
4467, 258434, 32, 14.18
4467, 258434, 33, 14.17
4467, 258434, 34, 14.18
4467, 258434, 35, 14.18
4467, 258434, 36, 14.17
4467, 258434, 37, 14.17
4467, 258434, 38, 14.18
4467, 258434, 39, 14.17
4467, 258434, 40, 14.16
4467, 258434, 41, 14.15
4467, 258434, 42, 14.15
4467, 258434, 43, 14.15
4467, 258434, 44, 14.15
4467, 258434, 45, 14.15
4467, 258434, 46, 14.14
4467, 258434, 47, 14.14
4467, 258434, 48, 14.14
4467, 258434, 49, 14.14
4467, 258434, 50, 14.13
4467, 258434, 51, 14.14
4467, 258434, 52, 14.13
4467, 258434, 53, 14.13
4467, 258434, 54, 14.13
4467, 258434, 55, 14.13
4467, 258434, 56, 14.12
4467, 258434, 57, 14.12
4467, 258434, 58, 14.12
4467, 258434, 59, 14.12
4467, 258434, 60, 14.11
4467, 258434, 61, 14.11
4467, 258434, 62, 14.11
4467, 258434, 63, 14.10
4467, 258434, 64, 14.09
4467, 258434, 65, 14.10
4467, 258434, 66, 14.09
4467, 258434, 67, 14.09
4467, 258434, 68, 14.08
4467, 258434, 69, 14.08
4467, 258434, 70, 14.08
4467, 258434, 71, 14.08
4467, 258434, 72, 14.09
4467, 258434, 73, 14.08
4467, 258434, 74, 14.08
4467, 258434, 75, 14.08
4467, 258434, 76, 14.08
4467, 258434, 77, 14.07
4467, 258434, 78, 14.07
4467, 258434, 79, 14.06
4467, 258434, 80, 14.06
4467, 258434, 81, 14.06
4467, 258434, 82, 14.06
4467, 258434, 83, 14.06
4467, 258434, 84, 14.06
4467, 258434, 85, 14.07
4467, 258434, 86, 14.06
4467, 258434, 87, 14.06
4467, 258434, 88, 14.06
4467, 258434, 89, 14.05
4467, 258434, 90, 14.05
4467, 258434, 91, 14.04
4467, 258434, 92, 14.05
4467, 258434, 93, 14.05
4467, 258434, 94, 14.04
4467, 258434, 95, 14.04
4467, 258434, 96, 14.03
4467, 258434, 97, 14.04
4467, 258434, 98, 14.03
4467, 258434, 99, 14.03
4467, 258434, 100, 14.03
4467, 258434, 101, 14.03
4467, 258434, 102, 14.02
4467, 258434, 103, 14.03
4467, 258434, 104, 13.97
4467, 258434, 105, 14.02
4467, 258434, 106, 14.01
4467, 258434, 107, 14.01
4467, 258434, 108, 14.00
4467, 258434, 109, 14.01
4467, 258434, 110, 14.00
4467, 258434, 111, 14.00
4467, 258434, 112, 14.00
4467, 258434, 113, 14.00
4467, 258434, 114, 13.99
4467, 258434, 115, 13.99
4467, 258434, 116, 13.98
4467, 258434, 117, 13.99
4467, 258434, 118, 13.98
4467, 258434, 119, 13.98
4467, 258434, 120, 13.97
4467, 258434, 121, 13.98
4467, 258434, 122, 13.97
4467, 258434, 123, 13.97
4467, 258434, 124, 13.97
4467, 258434, 125, 13.96
4467, 258434, 126, 13.97
4467, 258434, 127, 13.96
4467, 258434, 128, 13.96
4467, 258434, 129, 13.95
4467, 258434, 130, 13.95
4467, 258434, 131, 13.95
4467, 258434, 132, 13.95
4467, 258434, 133, 13.94
4467, 258434, 134, 13.94
4467, 258434, 135, 13.94
4467, 258434, 136, 13.94
4467, 258434, 137, 13.94
4467, 258434, 138, 13.93
4467, 258434, 139, 13.93
4467, 258434, 140, 13.94
4467, 258434, 141, 13.92
4467, 258434, 142, 13.93
4467, 258434, 143, 13.92
4467, 258434, 144, 13.92
4467, 258434, 145, 13.92
4467, 258434, 146, 13.91
4467, 258434, 147, 13.90
4467, 258434, 148, 13.91
4467, 258434, 149, 13.90
4467, 258434, 150, 13.90
4467, 258434, 151, 13.90
4467, 258434, 152, 13.89
4467, 258434, 153, 13.89
4467, 258434, 154, 13.89
4467, 258434, 155, 13.89
4467, 258434, 156, 13.89
4467, 258434, 157, 13.89
4467, 258434, 158, 13.89
4467, 258434, 159, 13.88
4467, 258434, 160, 13.88
4467, 258434, 161, 13.88
4467, 258434, 162, 13.87
4467, 258434, 163, 13.87
4467, 258434, 164, 13.88
4467, 258434, 165, 13.87
4467, 258434, 166, 13.87
4467, 258434, 167, 13.87
4467, 258434, 168, 13.86
4467, 258434, 169, 13.87
4467, 258434, 170, 13.86
4467, 258434, 171, 13.87
4467, 258434, 172, 13.86
4467, 258434, 173, 13.86
4467, 258434, 174, 13.86
4467, 258434, 175, 13.86
4467, 258434, 176, 13.85
4467, 258434, 177, 13.85
4467, 258434, 178, 13.86
4467, 258434, 179, 13.86
4467, 258434, 180, 13.85
4467, 258434, 181, 13.84
4467, 258434, 182, 13.83
4467, 258434, 183, 13.84
4467, 258434, 184, 13.84
4467, 258434, 185, 13.84
4467, 258434, 186, 13.82
4467, 258434, 187, 13.82
4467, 258434, 188, 13.82
4467, 258434, 189, 13.82
4467, 258434, 190, 13.82
4467, 258434, 191, 13.82
4467, 258434, 192, 13.81
4467, 258434, 193, 13.81
4467, 258434, 194, 13.81
4467, 258434, 195, 13.81
4467, 258434, 196, 13.81
4467, 258434, 197, 13.81
4467, 258434, 198, 13.80
4467, 258434, 199, 13.80
4467, 258434, 200, 13.80
4467, 258434, 201, 13.79
4467, 258434, 202, 13.79
4467, 258434, 203, 13.79
4467, 258434, 204, 13.78
4467, 258434, 205, 13.78
4467, 258434, 206, 13.78
4467, 258434, 207, 13.77
4467, 258434, 208, 13.78
4467, 258434, 209, 13.78
4467, 258434, 210, 13.78
4467, 258434, 211, 13.77
4467, 258434, 212, 13.77
4467, 258434, 213, 13.77
4467, 258434, 214, 13.76
4467, 258434, 215, 13.75
4467, 258434, 216, 13.76
4467, 258434, 217, 13.76
4467, 258434, 218, 13.75
4467, 258434, 219, 13.74
4467, 258434, 220, 13.74
4467, 258434, 221, 13.74
4467, 258434, 222, 13.75
4467, 258434, 223, 13.74
4467, 258434, 224, 13.74
4467, 258434, 225, 13.73
4467, 258434, 226, 13.73
4467, 258434, 227, 13.72
4467, 258434, 228, 13.71
4467, 258434, 229, 13.72
4467, 258434, 230, 13.70
4467, 258434, 231, 13.72
4467, 258434, 232, 13.72
4467, 258434, 233, 13.72
4467, 258434, 234, 13.71
4467, 258434, 235, 13.71
4467, 258434, 236, 13.72
4467, 258434, 237, 13.71
4467, 258434, 238, 13.71
4467, 258434, 239, 13.71
4467, 258434, 240, 13.70
4467, 258434, 241, 13.70
4467, 258434, 242, 13.70
4467, 258434, 243, 13.69
4467, 258434, 244, 13.70
4467, 258434, 245, 13.69
4467, 258434, 246, 13.70
4467, 258434, 247, 13.70
4467, 258434, 248, 13.69
4467, 258434, 249, 13.70
4467, 258434, 250, 13.69
4467, 258434, 251, 13.69
4467, 258434, 252, 13.69
4467, 258434, 253, 13.69
4467, 258434, 254, 13.68
4467, 258434, 255, 13.68
4467, 258434, 256, 13.68
4467, 258434, 257, 13.67
4467, 258434, 258, 13.67
4467, 258434, 259, 13.67
4467, 258434, 260, 13.66
4467, 258434, 261, 13.67
4467, 258434, 262, 13.67
4467, 258434, 263, 13.67
4467, 258434, 264, 13.66
4467, 258434, 265, 13.66
4467, 258434, 266, 13.66
4467, 258434, 267, 13.66
4467, 258434, 268, 13.65
4467, 258434, 269, 13.66
4467, 258434, 271, 13.64
4467, 258434, 272, 13.65
4467, 258434, 274, 13.64
4467, 258434, 275, 12.92
4467, 258434, 276, 13.64
4467, 258434, 277, 12.45
4467, 258434, 278, 13.63
4467, 258434, 279, 13.63
4467, 258434, 280, 13.63
4467, 258434, 281, 13.63
4467, 258434, 282, 13.63
4467, 258434, 283, 13.62
4467, 258434, 284, 13.62
4467, 258434, 285, 13.61
4467, 258434, 286, 13.62
4467, 258434, 287, 13.62
4467, 258434, 288, 13.61
4467, 258434, 289, 13.61
4467, 258434, 290, 13.61
4467, 258434, 291, 13.61
4467, 258434, 292, 13.61
4467, 258434, 293, 13.60
4467, 258434, 294, 13.60
4467, 258434, 295, 13.60
4467, 258434, 296, 13.60
4467, 258434, 297, 13.60
4467, 258434, 298, 13.60
4467, 258434, 299, 13.59
4467, 258434, 300, 13.59
4467, 258434, 301, 13.58
4467, 258434, 302, 13.59
4467, 258434, 303, 13.59
4467, 258434, 304, 13.58
4467, 258434, 305, 13.58
4467, 258434, 306, 13.58
4467, 258434, 307, 13.58
4467, 258434, 308, 13.58
4467, 258434, 309, 13.57
4467, 258434, 310, 13.57
4467, 258434, 311, 13.57
4467, 258434, 312, 13.56
4467, 258434, 313, 13.56
4467, 258434, 314, 13.56
4467, 258434, 315, 13.56
4467, 258434, 316, 13.56
4467, 258434, 317, 13.55
4467, 258434, 318, 13.55
4467, 258434, 319, 13.55
4467, 258434, 320, 13.55
4467, 258434, 321, 13.55
4467, 258434, 322, 13.54
4467, 258434, 323, 13.54
4467, 258434, 324, 13.53
4467, 258434, 325, 13.53
4467, 258434, 326, 13.53
4467, 258434, 327, 13.53
4467, 258434, 328, 13.52
4467, 258434, 329, 13.52
4467, 258434, 330, 13.52
4467, 258434, 331, 13.52
4467, 258434, 332, 13.52
4467, 258434, 333, 13.51
4467, 258434, 334, 13.51
4467, 258434, 335, 13.51
4467, 258434, 336, 13.51
4467, 258434, 337, 13.51
4467, 258434, 338, 13.49
4467, 258434, 339, 13.48
4467, 258434, 340, 13.48
4467, 258434, 341, 13.47
4467, 258434, 342, 13.48
4467, 258434, 343, 13.47
4467, 258434, 344, 13.43
4467, 258434, 345, 13.44
4467, 258434, 346, 13.43
4467, 258434, 347, 13.43
4467, 258434, 348, 13.43
4467, 258434, 349, 13.43
4467, 258434, 350, 13.41
4467, 258434, 351, 13.42
4467, 258434, 352, 13.42
4467, 258434, 353, 13.41
4467, 258434, 354, 13.41
4467, 258434, 355, 13.41
4467, 258434, 356, 13.41
4467, 258434, 357, 13.40
4467, 258434, 358, 13.41
4467, 258434, 359, 13.42
4467, 258434, 360, 13.40
4467, 258434, 361, 13.40
4467, 258434, 362, 13.41
4467, 258434, 363, 13.41
4467, 258434, 364, 13.41
4467, 258434, 365, 13.40
4467, 258434, 366, 13.39
4467, 258434, 367, 13.40
4467, 258434, 368, 13.38
4467, 258434, 369, 13.38
4467, 258434, 370, 13.37
4467, 258434, 371, 13.36
4467, 258434, 372, 13.37
4467, 258434, 373, 13.36
4467, 258434, 374, 13.36
4467, 258434, 375, 13.36
4467, 258434, 376, 13.36
4467, 258434, 377, 13.37
4467, 258434, 378, 13.37
4467, 258434, 379, 13.36
4467, 258434, 380, 13.35
4467, 258434, 381, 13.35
4467, 258434, 382, 13.36
4467, 258434, 383, 13.36
4467, 258434, 384, 13.36
4467, 258434, 385, 13.36
4467, 258434, 386, 13.36
4467, 258434, 387, 13.36
4467, 258434, 388, 13.36
4467, 258434, 389, 13.35
4467, 258434, 390, 13.37
4467, 258434, 391, 13.33
4467, 258434, 392, 13.34
4467, 258434, 393, 13.34
4467, 258434, 394, 13.33
4467, 258434, 395, 13.33
4467, 258434, 396, 13.33
4467, 258434, 397, 13.32
4467, 258434, 398, 13.27
4467, 258434, 399, 13.32
4467, 258434, 400, 13.32
4467, 258434, 401, 13.31
4467, 258434, 402, 13.32
4467, 258434, 403, 13.32
4467, 258434, 404, 13.31
4467, 258434, 405, 13.31
4467, 258434, 406, 13.31
4467, 258434, 407, 13.31
4467, 258434, 408, 13.31
4467, 258434, 409, 13.30
4467, 258434, 410, 13.30
4467, 258434, 411, 13.30
4467, 258434, 412, 13.30
4467, 258434, 413, 13.29
4467, 258434, 414, 13.29
4467, 258434, 415, 13.30
4467, 258434, 416, 13.30
4467, 258434, 417, 13.29
4467, 258434, 418, 13.28
4467, 258434, 419, 13.28
4467, 258434, 420, 13.28
4467, 258434, 421, 13.27
4467, 258434, 422, 13.27
4467, 258434, 423, 13.27
4467, 258434, 424, 13.27
4467, 258434, 425, 13.28
4467, 258434, 426, 13.28
4467, 258434, 427, 13.26
4467, 258434, 428, 13.26
4467, 258434, 429, 13.26
4467, 258434, 430, 13.26
4467, 258434, 431, 13.25
4467, 258434, 432, 13.26
4467, 258434, 433, 13.25
4467, 258434, 434, 13.24
4467, 258434, 435, 13.24
4467, 258434, 436, 13.25
4467, 258434, 437, 13.25
4467, 258434, 438, 13.24
4467, 258434, 439, 13.24
4467, 258434, 440, 13.25
4467, 258434, 441, 13.24
4467, 258434, 442, 13.24
4467, 258434, 443, 13.24
4467, 258434, 444, 13.24
4467, 258434, 445, 13.23
4467, 258434, 446, 13.23
4467, 258434, 447, 13.22
4467, 258434, 448, 13.22
4467, 258434, 449, 13.22
4467, 258434, 450, 13.22
4467, 258434, 451, 13.21
4467, 258434, 452, 13.21
4467, 258440, 1, 13.18
4467, 258440, 2, 13.18
4467, 258440, 3, 13.17
4467, 258440, 4, 13.19
4467, 258440, 5, 13.14
4467, 258440, 6, 13.16
4467, 258440, 7, 13.15
4467, 258440, 8, 13.16
4467, 258440, 9, 13.16
4467, 258440, 10, 13.18
4467, 258440, 11, 13.16
4467, 258440, 12, 13.15
4467, 258440, 13, 13.15
4467, 258440, 14, 13.16
4467, 258440, 15, 13.15
4467, 258440, 16, 13.15
4467, 258440, 17, 13.17
4467, 258440, 18, 13.15
4467, 258440, 19, 13.14
4467, 258440, 20, 13.14
4467, 258440, 21, 13.15
4467, 258440, 22, 13.14
4467, 258440, 23, 13.15
4467, 258440, 24, 13.14
4467, 258440, 25, 13.14
4467, 258440, 26, 13.15
4467, 258440, 27, 13.15
4467, 258440, 28, 13.14
4467, 258440, 29, 13.13
4467, 258440, 30, 13.13
4467, 258440, 31, 13.13
4467, 258440, 32, 13.13
4467, 258440, 33, 13.13
4467, 258440, 34, 13.13
4467, 258440, 35, 13.12
4467, 258440, 36, 13.13
4467, 258440, 37, 13.13
4467, 258440, 38, 13.12
4467, 258440, 39, 13.12
4467, 258440, 40, 13.13
4467, 258440, 41, 13.12
4467, 258440, 42, 13.13
4467, 258440, 43, 13.12
4467, 258440, 44, 13.12
4467, 258440, 45, 13.11
4467, 258440, 46, 13.12
4467, 258440, 47, 13.12
4467, 258440, 48, 13.12
4467, 258440, 49, 13.11
4467, 258440, 50, 13.11
4467, 258440, 51, 13.11
4467, 258440, 52, 13.10
4467, 258440, 53, 13.10
4467, 258440, 54, 13.09
4467, 258440, 55, 13.10
4467, 258440, 56, 13.10
4467, 258440, 57, 13.09
4467, 258440, 58, 13.09
4467, 258440, 59, 13.08
4467, 258440, 60, 13.08
4467, 258440, 61, 13.09
4467, 258440, 62, 13.08
4467, 258440, 63, 13.08
4467, 258440, 64, 13.07
4467, 258440, 65, 13.08
4467, 258440, 66, 13.07
4467, 258440, 67, 13.06
4467, 258440, 68, 13.05
4467, 258440, 69, 13.05
4467, 258440, 70, 13.02
4467, 258440, 71, 13.04
4467, 258440, 72, 13.03
4467, 258440, 73, 13.03
4467, 258440, 74, 13.03
4467, 258440, 75, 13.02
4467, 258440, 76, 13.02
4467, 258440, 77, 13.01
4467, 258440, 78, 13.02
4467, 258440, 79, 13.01
4467, 258440, 80, 13.02
4467, 258440, 81, 13.01
4467, 258440, 82, 13.00
4467, 258440, 83, 13.00
4467, 258440, 84, 13.01
4467, 258440, 85, 13.01
4467, 258440, 86, 13.00
4467, 258440, 87, 13.00
4467, 258440, 88, 13.00
4467, 258440, 89, 13.01
4467, 258440, 90, 13.00
4467, 258440, 91, 13.00
4467, 258440, 92, 13.00
4467, 258440, 93, 13.01
4467, 258440, 94, 13.01
4467, 258440, 95, 13.00
4467, 258440, 96, 12.99
4467, 258440, 97, 12.99
4467, 258440, 98, 12.99
4467, 258440, 99, 12.99
4467, 258440, 100, 12.98
4467, 258440, 101, 12.97
4467, 258440, 102, 12.96
4467, 258440, 103, 12.95
4467, 258440, 104, 12.95
4467, 258440, 105, 12.94
4467, 258440, 106, 12.94
4467, 258440, 107, 12.93
4467, 258440, 108, 12.94
4467, 258440, 109, 12.93
4467, 258440, 110, 12.93
4467, 258440, 111, 12.92
4467, 258440, 112, 12.92
4467, 258440, 113, 12.92
4467, 258440, 114, 12.91
4467, 258440, 115, 12.92
4467, 258440, 116, 12.92
4467, 258440, 117, 12.92
4467, 258440, 118, 12.93
4467, 258440, 119, 12.93
4467, 258440, 120, 12.92
4467, 258440, 121, 12.93
4467, 258440, 122, 12.93
4467, 258440, 123, 12.94
4467, 258440, 124, 12.94
4467, 258440, 125, 12.93
4467, 258440, 126, 12.94
4467, 258440, 127, 12.95
4467, 258440, 128, 12.93
4467, 258440, 129, 12.93
4467, 258440, 130, 12.94
4467, 258440, 131, 12.94
4467, 258440, 132, 12.94
4467, 258440, 133, 12.94
4467, 258440, 134, 12.93
4467, 258440, 135, 12.93
4467, 258440, 136, 12.93
4467, 258440, 137, 12.92
4467, 258440, 138, 12.91
4467, 258440, 139, 12.90
4467, 258440, 140, 12.90
4467, 258440, 141, 12.90
4467, 258440, 142, 12.88
4467, 258440, 143, 12.90
4467, 258440, 144, 12.90
4467, 258440, 145, 12.89
4467, 258440, 146, 12.88
4467, 258440, 147, 12.89
4467, 258440, 148, 12.88
4467, 258440, 149, 12.89
4467, 258440, 151, 12.88
4467, 258440, 152, 12.89
4467, 258440, 153, 12.88
4467, 258440, 154, 12.89
4467, 258440, 155, 12.88
4467, 258440, 156, 12.88
4467, 258440, 157, 12.88
4467, 258440, 158, 12.89
4467, 258440, 159, 12.88
4467, 258440, 160, 12.87
4467, 258440, 161, 12.86
4467, 258440, 162, 12.86
4467, 258440, 163, 12.85
4467, 258440, 164, 12.84
4467, 258440, 165, 12.83
4467, 258440, 166, 12.83
4467, 258440, 167, 12.82
4467, 258440, 168, 12.82
4467, 258440, 169, 12.83
4467, 258440, 170, 12.83
4467, 258440, 171, 12.82
4467, 258440, 172, 12.83
4467, 258440, 173, 12.83
4467, 258440, 174, 12.82
4467, 258440, 175, 12.82
4467, 258440, 176, 12.83
4467, 258440, 177, 12.82
4467, 258440, 178, 12.82
4467, 258440, 179, 12.83
4467, 258440, 180, 12.83
4467, 258440, 181, 12.82
4467, 258440, 182, 12.82
4467, 258440, 183, 12.82
4467, 258440, 184, 12.82
4467, 258440, 185, 12.81
4467, 258440, 186, 12.82
4467, 258440, 187, 12.82
4467, 258440, 188, 12.81
4467, 258440, 189, 12.81
4467, 258440, 190, 12.81
4467, 258440, 191, 12.82
4467, 258440, 192, 12.82
4467, 258440, 193, 12.82
4467, 258440, 194, 12.82
4467, 258440, 195, 12.82
4467, 258440, 196, 12.81
4467, 258440, 197, 12.82
4467, 258440, 198, 12.82
4467, 258440, 199, 12.82
4467, 258440, 200, 12.81
4467, 258440, 201, 12.81
4467, 258440, 202, 12.80
4467, 258440, 203, 12.81
4467, 258440, 204, 12.81
4467, 258440, 205, 12.80
4467, 258440, 206, 12.80
4467, 258440, 207, 12.80
4467, 258440, 208, 12.80
4467, 258440, 209, 12.80
4467, 258440, 210, 12.80
4467, 258440, 211, 12.79
4467, 258440, 212, 12.79
4467, 258440, 213, 12.79
4467, 258440, 214, 12.79
4467, 258440, 215, 12.78
4467, 258440, 216, 12.78
4467, 258440, 217, 12.78
4467, 258440, 218, 12.78
4467, 258440, 219, 12.78
4467, 258440, 220, 12.77
4467, 258440, 221, 12.77
4467, 258440, 222, 12.77
4467, 258440, 223, 12.77
4467, 258440, 224, 12.77
4467, 258440, 225, 12.77
4467, 258440, 226, 12.76
4467, 258440, 227, 12.76
4467, 258440, 228, 12.76
4467, 258440, 229, 12.77
4467, 258440, 230, 12.77
4467, 258440, 231, 12.75
4467, 258440, 232, 12.76
4467, 258440, 233, 12.76
4467, 258440, 234, 12.76
4467, 258440, 235, 12.75
4467, 258440, 236, 12.75
4467, 258440, 237, 12.74
4467, 258440, 238, 12.74
4467, 258440, 239, 12.71
4467, 258440, 240, 12.73
4467, 258440, 241, 12.72
4467, 258440, 242, 12.72
4467, 258440, 243, 12.71
4467, 258440, 244, 12.68
4467, 258440, 245, 12.70
4467, 258440, 246, 12.69
4467, 258440, 247, 12.69
4467, 258440, 248, 12.69
4467, 258440, 249, 12.70
4467, 258440, 250, 12.68
4467, 258440, 251, 12.68
4467, 258440, 252, 12.67
4467, 258440, 253, 12.67
4467, 258440, 254, 12.67
4467, 258440, 255, 12.68
4467, 258440, 256, 12.68
4467, 258440, 257, 12.68
4467, 258440, 258, 12.67
4467, 258440, 259, 12.68
4467, 258440, 260, 12.67
4467, 258440, 261, 12.67
4467, 258440, 262, 12.68
4467, 258440, 263, 12.68
4467, 258440, 264, 12.68
4467, 258440, 265, 12.67
4467, 258440, 266, 12.68
4467, 258440, 267, 12.65
4467, 258440, 268, 12.66
4467, 258440, 269, 12.66
4467, 258440, 270, 12.67
4467, 258440, 271, 12.67
4467, 258440, 272, 12.67
4467, 258440, 273, 12.66
4467, 258440, 274, 12.66
4467, 258440, 275, 12.67
4467, 258440, 276, 12.67
4467, 258440, 277, 12.66
4467, 258440, 278, 12.66
4467, 258440, 279, 12.65
4467, 258440, 280, 12.66
4467, 258440, 281, 12.65
4467, 258440, 282, 12.65
4467, 258440, 283, 12.65
4467, 258440, 284, 12.64
4467, 258440, 285, 12.65
4467, 258440, 286, 12.64
4467, 258440, 287, 12.65
4467, 258440, 288, 12.64
4467, 258440, 289, 12.64
4467, 258440, 290, 12.65
4467, 258440, 291, 12.64
4467, 258440, 292, 12.64
4467, 258440, 293, 12.63
4467, 258440, 294, 12.63
4467, 258440, 295, 12.62
4467, 258440, 296, 12.63
4467, 258440, 297, 12.62
4467, 258440, 298, 12.63
4467, 258440, 299, 12.62
4467, 258440, 300, 12.62
4467, 258440, 301, 12.62
4467, 258440, 302, 12.61
4467, 258440, 303, 12.61
4467, 258440, 304, 12.60
4467, 258440, 305, 12.60
4467, 258440, 306, 12.57
4467, 258440, 307, 12.59
4467, 258440, 308, 12.59
4467, 258440, 309, 12.58
4467, 258440, 310, 12.57
4467, 258440, 311, 12.57
4467, 258440, 312, 12.56
4467, 258440, 313, 12.56
4467, 258440, 314, 12.56
4467, 258440, 315, 12.56
4467, 258440, 316, 12.51
4467, 258440, 317, 12.55
4467, 258440, 318, 12.54
4467, 258440, 319, 12.54
4467, 258440, 320, 12.54
4467, 258440, 321, 12.52
4467, 258440, 322, 12.52
4467, 258440, 323, 12.52
4467, 258440, 324, 12.52
4467, 258440, 325, 12.52
4467, 258440, 326, 12.52
4467, 258440, 327, 12.52
4467, 258440, 328, 12.49
4467, 258440, 329, 12.49
4467, 258440, 330, 12.47
4467, 258440, 331, 12.51
4467, 258440, 332, 12.50
4467, 258440, 333, 12.50
4467, 258440, 334, 12.51
4467, 258440, 335, 12.51
4467, 258440, 336, 12.49
4467, 258440, 337, 12.52
4467, 258440, 338, 12.53
4467, 258440, 339, 12.54
4467, 258440, 340, 12.53
4467, 258440, 341, 12.53
4467, 258440, 342, 12.53
4467, 258440, 343, 12.53
4467, 258440, 344, 12.52
4467, 258440, 345, 12.52
4467, 258440, 346, 12.52
4467, 258440, 347, 12.51
4467, 258440, 348, 12.51
4467, 258440, 349, 12.51
4467, 258440, 350, 12.51
4467, 258440, 351, 12.51
4467, 258440, 352, 12.51
4467, 258440, 353, 12.51
4467, 258440, 354, 12.51
4467, 258440, 355, 12.51
4467, 258440, 356, 12.51
4467, 258440, 357, 12.50
4467, 258440, 358, 12.49
4467, 258440, 359, 12.48
4467, 258440, 360, 12.48
4467, 258440, 361, 12.47
4467, 258440, 362, 12.47
4467, 258440, 363, 12.47
4467, 258440, 364, 12.47
4467, 258440, 365, 12.48
4467, 258440, 366, 12.48
4467, 258440, 367, 12.47
4467, 258440, 368, 12.48
4467, 258440, 369, 12.47
4467, 258440, 370, 12.47
4467, 258440, 371, 12.47
4467, 258440, 372, 12.46
4467, 258440, 373, 12.46
4467, 258440, 374, 12.46
4467, 258440, 375, 12.45
4467, 258440, 376, 12.44
4467, 258440, 377, 12.44
4467, 258440, 378, 12.45
4467, 258440, 379, 12.45
4467, 258440, 380, 12.46
4467, 258440, 381, 12.46
4467, 258440, 382, 12.46
4467, 258440, 383, 12.46
4467, 258440, 384, 12.46
4467, 258440, 385, 12.46
4467, 258440, 386, 12.46
4467, 258440, 387, 12.46
4467, 258440, 388, 12.46
4467, 258440, 389, 12.45
4467, 258440, 390, 12.45
4467, 258440, 391, 12.46
4467, 258440, 392, 12.46
4467, 258440, 393, 12.46
4467, 258440, 394, 12.46
4467, 258440, 395, 12.45
4467, 258440, 396, 12.46
4467, 258440, 397, 12.45
4467, 258440, 398, 12.46
4467, 258440, 399, 12.45
4467, 258440, 400, 12.45
4467, 258440, 401, 12.45
4467, 258440, 402, 12.44
4467, 258440, 403, 12.44
4467, 258440, 404, 12.43
4467, 258440, 405, 12.43
4467, 258440, 406, 12.44
4467, 258440, 407, 12.43
4467, 258440, 408, 12.42
4467, 258440, 409, 12.43
4467, 258440, 410, 12.42
4467, 258440, 411, 12.41
4467, 258440, 412, 12.42
4467, 258440, 413, 12.41
4467, 258440, 414, 12.41
4467, 258440, 415, 12.42
4467, 258440, 416, 12.41
4467, 258440, 417, 12.41
4467, 258440, 418, 12.42
4467, 258440, 419, 12.41
4467, 258440, 420, 12.41
4467, 258440, 421, 12.40
4467, 258440, 422, 12.41
4467, 258440, 423, 12.40
4467, 258440, 424, 12.40
4467, 258440, 425, 12.40
4467, 258440, 426, 12.40
4467, 258440, 427, 12.41
4467, 258440, 428, 12.39
4467, 258440, 429, 12.40
4467, 258440, 430, 12.40
4467, 258440, 431, 12.39
4467, 258440, 432, 12.39
4467, 258440, 433, 12.38
4467, 258440, 434, 12.38
4467, 258440, 435, 12.38
4467, 258440, 436, 12.36
4467, 258440, 437, 12.36
4467, 258440, 438, 12.36
4467, 258440, 439, 12.37
4467, 258440, 440, 12.36
4467, 258440, 441, 12.35
4467, 258440, 445, 12.35
4467, 258440, 446, 12.36
4467, 258440, 447, 12.35
4467, 258440, 448, 12.35
4467, 258440, 449, 12.35
4467, 258440, 450, 12.35
4467, 258440, 451, 12.34
4467, 258440, 452, 12.34
4467, 258440, 453, 12.33
4467, 258440, 454, 12.34
4467, 258440, 455, 12.35
4467, 258440, 456, 12.33
4467, 258440, 457, 12.33
4467, 258440, 458, 12.33
4467, 258440, 459, 12.33
4467, 258440, 460, 12.33
4467, 258440, 461, 12.32
4467, 258440, 462, 12.34
4467, 258440, 463, 12.33
4467, 258440, 464, 12.33
4467, 258440, 465, 12.32
4467, 258440, 466, 12.32
4467, 258440, 467, 12.32
4467, 258440, 468, 12.32
4467, 258440, 469, 12.31
4467, 258440, 470, 12.31
4467, 258440, 471, 12.31
4467, 258440, 472, 12.31
4467, 258440, 473, 12.30
4467, 258440, 474, 12.30
4467, 258440, 475, 12.30
4467, 258440, 476, 12.29
4467, 258440, 477, 12.29
4467, 258440, 478, 12.29
4467, 258440, 479, 12.29
4467, 258440, 480, 12.29
4467, 258440, 481, 12.28
4467, 258440, 482, 12.28
4467, 258440, 483, 12.28
4467, 258440, 484, 12.28
4467, 258440, 485, 11.47
4467, 258440, 486, 12.29
4467, 258440, 487, 11.15
4467, 258440, 488, 12.29
4467, 258440, 489, 12.28
4467, 258440, 490, 12.29
4467, 258440, 491, 12.28
4467, 258440, 498, 12.27
4467, 258440, 499, 12.27
4467, 258440, 500, 12.27
4467, 258440, 508, 12.24
4467, 258440, 509, 12.25
4467, 258440, 510, 12.23
4467, 258440, 511, 12.23
4467, 258440, 512, 12.23
4467, 258440, 513, 12.22
4467, 258440, 514, 12.22
4467, 258440, 515, 12.21
4467, 258440, 516, 12.22
4467, 258440, 517, 12.21
4467, 258440, 518, 12.21
4467, 258440, 519, 12.22
4467, 258440, 520, 12.22
4467, 258440, 521, 12.22
4467, 258440, 522, 12.21
4467, 258440, 523, 12.20
4467, 258440, 524, 12.18
4467, 258440, 525, 12.20
4467, 258440, 526, 12.20
4467, 258440, 527, 12.19
4467, 258440, 529, 12.20
4467, 258440, 530, 12.20
4467, 258440, 531, 12.19
4467, 258440, 532, 12.19
4467, 258440, 533, 12.19
4467, 258440, 534, 12.18
4467, 258440, 535, 12.18
4467, 258440, 536, 12.18
4467, 258440, 537, 12.17
4467, 258440, 538, 12.18
4467, 258440, 539, 12.18
4467, 258440, 540, 12.18
4467, 258440, 541, 12.17
4467, 258440, 542, 12.17
4467, 258440, 543, 12.17
4467, 258440, 544, 12.17
4467, 258440, 545, 12.17
4467, 258440, 546, 12.17
4467, 258440, 547, 12.17
4467, 258440, 548, 12.17
4467, 258440, 549, 12.17
4467, 258440, 550, 12.16
4467, 258440, 551, 12.16
4467, 258440, 552, 12.15
4467, 258440, 553, 12.16
4467, 258440, 554, 12.16
4467, 258440, 555, 12.15
4467, 258440, 557, 12.15
4467, 258440, 558, 12.15
4467, 258440, 559, 12.15
4467, 258440, 560, 12.15
4467, 258440, 561, 12.15
4467, 258440, 562, 12.12
4467, 258440, 563, 12.15
4467, 258440, 564, 12.15
4467, 258440, 565, 12.14
4467, 258440, 566, 12.14
4467, 258440, 567, 12.14
4467, 258440, 568, 12.13
4467, 258440, 569, 12.14
4467, 258440, 570, 12.14
4467, 258440, 571, 12.14
4467, 258440, 572, 12.14
4467, 258440, 573, 12.14
4467, 258440, 574, 12.13
4467, 258440, 575, 12.14
4467, 258440, 576, 12.13
4467, 258440, 577, 12.12
4467, 258440, 578, 12.12
4467, 258440, 579, 12.13
4467, 258440, 580, 12.12
4467, 258440, 581, 12.13
4467, 258440, 582, 12.12
4467, 258440, 583, 12.12
4467, 258440, 584, 12.12
4467, 258440, 585, 12.12
4467, 258440, 586, 12.11
4467, 258440, 587, 12.11
4467, 258440, 588, 12.11
4467, 258440, 589, 12.11
4467, 258440, 590, 12.11
4467, 258440, 591, 12.11
4467, 258440, 592, 12.10
4467, 258440, 593, 12.10
4467, 258440, 594, 12.10
4467, 258440, 595, 12.10
4467, 258440, 596, 12.10
4467, 258440, 597, 12.10
4467, 258440, 598, 12.09
4467, 258440, 599, 12.10
4467, 258440, 600, 12.10
4467, 258440, 601, 12.09
4467, 258440, 602, 12.09
4467, 258440, 603, 12.09
4467, 258440, 604, 12.09
4467, 258440, 605, 12.08
4467, 258440, 606, 12.08
4467, 258440, 607, 12.08
4467, 258440, 608, 12.08
4467, 258440, 609, 12.09
4467, 258440, 610, 12.08
4467, 258440, 611, 12.08
4467, 258440, 612, 12.08
4467, 258440, 613, 12.07
4467, 258440, 614, 12.07
4467, 258440, 615, 12.07
4467, 258440, 616, 12.07
4467, 258440, 617, 12.06
4467, 258440, 618, 12.06
4467, 258440, 619, 12.06
4467, 258440, 620, 12.07
4467, 258440, 621, 12.06
4467, 258440, 622, 12.06
4467, 258440, 623, 12.06
4467, 258440, 624, 12.06
4467, 258440, 625, 12.05
4467, 258440, 626, 12.05
4467, 258440, 627, 12.05
4467, 258440, 628, 12.05
4467, 258440, 629, 12.04
4467, 258440, 630, 12.04
4467, 258440, 631, 12.04
4467, 258440, 632, 12.03
4467, 258440, 633, 12.03
4467, 258440, 634, 12.03
4467, 258440, 635, 12.03
4467, 258440, 636, 12.03
4467, 258440, 637, 12.03
4467, 258440, 638, 12.03
4467, 258440, 639, 12.03
4467, 258440, 640, 12.02
4467, 258440, 641, 12.02
4467, 258440, 642, 12.01
4467, 258440, 643, 12.02
4467, 258440, 644, 12.02
4467, 258440, 645, 12.01
4467, 258440, 646, 12.00
4467, 258440, 647, 12.01
4467, 258440, 648, 12.01
4467, 258440, 649, 12.01
4467, 258440, 650, 12.01
4467, 258440, 651, 12.01
4467, 258440, 652, 12.00
4467, 258440, 653, 12.00
4467, 258440, 654, 12.00
4467, 258440, 655, 12.00
4467, 258440, 656, 11.99
4467, 258440, 657, 11.99
4467, 258440, 658, 12.00
4467, 258440, 659, 12.00
4467, 258440, 660, 11.99
4467, 258440, 661, 11.98
4467, 258440, 662, 11.99
4467, 258440, 663, 11.98
4467, 258440, 664, 11.99
4467, 258440, 665, 11.98
4467, 258440, 666, 11.98
4467, 258440, 667, 11.98
4467, 258440, 668, 11.97
4467, 258440, 669, 11.97
4467, 258440, 670, 11.97
4467, 258440, 671, 11.96
4467, 258440, 672, 11.96
4467, 258440, 673, 11.96
4467, 258440, 674, 11.97
4467, 258440, 675, 11.96
4467, 258440, 676, 11.95
4467, 258440, 677, 11.95
4467, 258440, 678, 11.94
4467, 258440, 679, 11.96
4467, 258440, 680, 11.95
4467, 258440, 681, 11.96
4467, 258440, 682, 11.95
4467, 258440, 683, 11.95
4467, 258440, 684, 11.95
4467, 258440, 685, 11.95
4467, 258440, 686, 11.94
4467, 258440, 687, 11.94
4467, 258440, 688, 11.94
4467, 258440, 689, 11.94
4467, 258440, 690, 11.94
4467, 258440, 691, 11.94
4467, 258440, 692, 11.93
4467, 258440, 693, 11.93
4467, 258440, 694, 11.92
4467, 258440, 695, 11.91
4467, 258440, 696, 11.91
4467, 258440, 697, 11.90
4467, 258440, 698, 11.90
4467, 258440, 699, 11.89
4467, 258440, 700, 11.89
4467, 258440, 701, 11.90
4467, 258440, 702, 11.89
4467, 258440, 703, 11.90
4467, 258440, 704, 11.89
4467, 258440, 705, 11.89
4467, 258440, 706, 11.89
4467, 258440, 707, 11.89
4467, 258440, 708, 11.88
4467, 258440, 709, 11.89
4467, 258440, 710, 11.88
4467, 258440, 711, 11.88
4467, 258440, 712, 11.88
4467, 258440, 713, 11.88
4467, 258440, 714, 11.88
4467, 258440, 715, 11.87
4467, 258440, 716, 11.88
4467, 258440, 717, 11.88
4467, 258440, 718, 11.88
4467, 258440, 719, 11.88
4467, 258440, 720, 11.88
4467, 258440, 721, 11.88
4467, 258440, 722, 11.88
4467, 258440, 723, 11.88
4467, 258440, 724, 11.88
4467, 258440, 725, 11.87
4467, 258440, 726, 11.88
4467, 258440, 727, 11.87
4467, 258440, 728, 11.87
4467, 258440, 729, 11.87
4467, 258440, 730, 11.87
4467, 258440, 731, 11.88
4467, 258440, 732, 11.87
4467, 258445, 1, 11.10
4467, 258445, 2, 11.10
4467, 258445, 3, 11.11
4467, 258445, 4, 11.10
4467, 258445, 5, 11.11
4467, 258445, 6, 11.11
4467, 258445, 7, 11.11
4467, 258445, 8, 11.11
4467, 258445, 9, 11.11
4467, 258445, 10, 11.11
4467, 258445, 11, 11.11
4467, 258445, 12, 11.11
4467, 258445, 13, 11.10
4467, 258445, 14, 11.10
4467, 258445, 15, 11.10
4467, 258445, 16, 11.10
4467, 258445, 17, 11.10
4467, 258445, 18, 11.10
4467, 258445, 19, 11.09
4467, 258445, 20, 11.10
4467, 258445, 21, 11.10
4467, 258445, 22, 11.10
4467, 258445, 23, 11.10
4467, 258445, 24, 11.10
4467, 258445, 25, 11.09
4467, 258445, 26, 11.09
4467, 258445, 27, 11.08
4467, 258445, 28, 11.07
4467, 258445, 29, 11.07
4467, 258445, 30, 11.07
4467, 258445, 31, 11.08
4467, 258445, 32, 11.07
4467, 258445, 33, 11.08
4467, 258445, 34, 11.08
4467, 258445, 35, 11.07
4467, 258445, 36, 11.08
4467, 258445, 37, 11.08
4467, 258445, 38, 11.07
4467, 258445, 39, 11.07
4467, 258445, 40, 11.07
4467, 258445, 41, 11.07
4467, 258445, 42, 11.05
4467, 258445, 43, 11.05
4467, 258445, 44, 11.05
4467, 258445, 45, 11.05
4467, 258445, 46, 11.04
4467, 258445, 47, 11.03
4467, 258445, 48, 11.03
4467, 258445, 49, 11.03
4467, 258445, 50, 11.03
4467, 258445, 51, 11.03
4467, 258445, 52, 11.02
4467, 258445, 53, 11.02
4467, 258445, 54, 11.02
4467, 258445, 55, 11.01
4467, 258445, 56, 11.01
4467, 258445, 57, 11.01
4467, 258445, 58, 11.01
4467, 258445, 59, 11.01
4467, 258445, 60, 11.01
4467, 258445, 61, 11.01
4467, 258445, 62, 11.01
4467, 258445, 63, 11.01
4467, 258445, 64, 10.83
4467, 258445, 65, 10.20
4467, 258445, 66, 11.03
4467, 258445, 67, 10.42
4467, 258445, 68, 11.04
4467, 258445, 69, 11.04
4467, 258445, 70, 11.04
4467, 258445, 71, 11.03
4467, 258445, 72, 11.04
4467, 258445, 73, 11.03
4467, 258445, 74, 11.03
4467, 258445, 75, 11.03
4467, 258445, 76, 11.02
4467, 258445, 77, 11.02
4467, 258445, 78, 11.01
4467, 258445, 79, 11.02
4467, 258445, 80, 11.02
4467, 258445, 81, 11.02
4467, 258445, 82, 11.01
4467, 258445, 83, 11.01
4467, 258445, 84, 11.01
4467, 258445, 85, 11.01
4467, 258445, 86, 11.00
4467, 258445, 87, 11.01
4467, 258445, 88, 11.00
4467, 258445, 89, 11.00
4467, 258445, 90, 11.00
4467, 258445, 91, 11.01
4467, 258445, 92, 11.00
4467, 258445, 93, 11.00
4467, 258445, 94, 11.00
4467, 258445, 95, 11.00
4467, 258445, 96, 10.99
4467, 258445, 97, 10.99
4467, 258445, 98, 10.99
4467, 258445, 99, 11.00
4467, 258445, 100, 10.99
4467, 258445, 101, 10.99
4467, 258445, 102, 10.99
4467, 258445, 103, 10.98
4467, 258445, 104, 10.98
4467, 258445, 105, 10.98
4467, 258445, 106, 10.98
4467, 258445, 107, 10.98
4467, 258445, 108, 10.98
4467, 258445, 109, 10.98
4467, 258445, 110, 10.98
4467, 258445, 111, 10.97
4467, 258445, 112, 10.97
4467, 258445, 113, 10.98
4467, 258445, 114, 10.97
4467, 258445, 115, 10.97
4467, 258445, 116, 10.97
4467, 258445, 117, 10.97
4467, 258445, 118, 10.97
4467, 258445, 119, 10.97
4467, 258445, 120, 10.96
4467, 258445, 121, 10.96
4467, 258445, 122, 10.95
4467, 258445, 123, 10.96
4467, 258445, 124, 10.96
4467, 258445, 125, 10.96
4467, 258445, 126, 10.95
4467, 258445, 127, 10.96
4467, 258445, 128, 10.95
4467, 258445, 129, 10.95
4467, 258445, 130, 10.95
4467, 258445, 131, 10.94
4467, 258445, 132, 10.94
4467, 258445, 133, 10.94
4467, 258445, 134, 10.94
4467, 258445, 135, 10.94
4467, 258445, 136, 10.93
4467, 258445, 137, 10.93
4467, 258445, 138, 10.93
4467, 258445, 139, 10.93
4467, 258445, 140, 10.93
4467, 258445, 141, 10.93
4467, 258445, 142, 10.93
4467, 258445, 143, 10.93
4467, 258445, 144, 10.93
4467, 258445, 145, 10.93
4467, 258445, 146, 10.92
4467, 258445, 147, 10.93
4467, 258445, 148, 10.92
4467, 258445, 149, 10.92
4467, 258445, 150, 10.92
4467, 258445, 151, 10.91
4467, 258445, 152, 10.91
4467, 258445, 153, 10.91
4467, 258445, 154, 10.91
4467, 258445, 155, 10.91
4467, 258445, 156, 10.91
4467, 258445, 157, 10.91
4467, 258445, 158, 10.90
4467, 258445, 159, 10.90
4467, 258445, 160, 10.90
4467, 258445, 161, 10.90
4467, 258445, 162, 10.89
4467, 258445, 163, 10.89
4467, 258445, 164, 10.90
4467, 258445, 165, 10.89
4467, 258445, 166, 10.89
4467, 258445, 167, 10.89
4467, 258445, 168, 10.89
4467, 258445, 169, 10.88
4467, 258445, 170, 10.89
4467, 258445, 171, 10.88
4467, 258445, 172, 10.87
4467, 258445, 173, 10.88
4467, 258445, 174, 10.88
4467, 258445, 175, 10.88
4467, 258445, 176, 10.87
4467, 258445, 177, 10.87
4467, 258445, 178, 10.87
4467, 258445, 179, 10.87
4467, 258445, 180, 10.87
4467, 258445, 181, 10.87
4467, 258445, 182, 10.87
4467, 258445, 183, 10.86
4467, 258445, 184, 10.86
4467, 258445, 185, 10.86
4467, 258445, 186, 10.86
4467, 258445, 187, 10.86
4467, 258445, 188, 10.86
4467, 258445, 189, 10.86
4467, 258445, 190, 10.85
4467, 258445, 191, 10.86
4467, 258445, 192, 10.85
4467, 258445, 193, 10.85
4467, 258445, 194, 10.85
4467, 258445, 195, 10.85
4467, 258445, 196, 10.85
4467, 258445, 197, 10.85
4467, 258445, 198, 10.85
4467, 258445, 199, 10.85
4467, 258445, 200, 10.84
4467, 258445, 201, 10.84
4467, 258445, 202, 10.83
4467, 258445, 203, 10.84
4467, 258445, 204, 10.83
4467, 258445, 205, 10.84
4467, 258445, 206, 10.83
4467, 258445, 207, 10.83
4467, 258445, 208, 10.84
4467, 258445, 209, 10.82
4467, 258445, 210, 10.83
4467, 258445, 211, 10.81
4467, 258445, 212, 10.83
4467, 258445, 213, 10.82
4467, 258445, 214, 10.82
4467, 258445, 215, 10.82
4467, 258445, 216, 10.82
4467, 258445, 217, 10.82
4467, 258445, 218, 10.81
4467, 258445, 219, 10.81
4467, 258445, 220, 10.81
4467, 258445, 221, 10.81
4467, 258445, 222, 10.80
4467, 258445, 223, 10.80
4467, 258445, 224, 10.80
4467, 258445, 225, 10.80
4467, 258445, 226, 10.80
4467, 258445, 227, 10.80
4467, 258445, 228, 10.80
4467, 258445, 229, 10.79
4467, 258445, 230, 10.79
4467, 258445, 231, 10.79
4467, 258445, 232, 10.78
4467, 258445, 233, 10.77
4467, 258445, 234, 10.76
4467, 258445, 235, 10.75
4467, 258445, 236, 10.76
4467, 258445, 237, 10.76
4467, 258445, 238, 10.76
4467, 258445, 239, 10.76
4467, 258445, 240, 10.76
4467, 258445, 241, 10.76
4467, 258445, 242, 10.75
4467, 258445, 243, 10.76
4467, 258445, 244, 10.76
4467, 258445, 245, 10.76
4467, 258445, 246, 10.76
4467, 258445, 247, 10.75
4467, 258445, 248, 10.74
4467, 258445, 249, 10.73
4467, 258445, 250, 10.73
4467, 258445, 251, 10.72
4467, 258445, 252, 10.73
4467, 258445, 253, 10.72
4467, 258445, 254, 10.73
4467, 258445, 255, 10.73
4467, 258445, 256, 10.73
4467, 258445, 257, 10.73
4467, 258445, 258, 10.73
4467, 258445, 259, 10.72
4467, 258445, 260, 10.72
4467, 258445, 261, 10.72
4467, 258445, 262, 10.72
4467, 258445, 263, 10.72
4467, 258445, 264, 10.72
4467, 258445, 265, 10.72
4467, 258445, 266, 10.72
4467, 258445, 267, 10.72
4467, 258445, 268, 10.72
4467, 258445, 269, 10.72
4467, 258445, 270, 10.72
4467, 258445, 271, 10.72
4467, 258445, 272, 10.72
4467, 258445, 273, 10.71
4467, 258445, 274, 10.72
4467, 258445, 275, 10.71
4467, 258445, 276, 10.71
4467, 258445, 277, 10.71
4467, 258445, 278, 10.70
4467, 258445, 279, 10.71
4467, 258445, 280, 10.70
4467, 258445, 281, 10.70
4467, 258445, 282, 10.70
4467, 258445, 283, 10.70
4467, 258445, 284, 10.70
4467, 258445, 285, 10.69
4467, 258445, 286, 10.69
4467, 258445, 287, 10.69
4467, 258445, 288, 10.69
4467, 258445, 289, 10.68
4467, 258445, 290, 10.69
4467, 258445, 291, 10.68
4467, 258445, 292, 10.68
4467, 258445, 293, 10.67
4467, 258445, 294, 10.68
4467, 258445, 295, 10.68
4467, 258445, 296, 10.68
4467, 258445, 297, 10.67
4467, 258445, 298, 10.67
4467, 258445, 299, 10.67
4467, 258445, 300, 10.67
4467, 258445, 301, 10.66
4467, 258448, 3, 10.43
4467, 258448, 4, 10.44
4467, 258448, 5, 10.44
4467, 258448, 6, 10.44
4467, 258448, 7, 10.43
4467, 258448, 8, 10.43
4467, 258448, 9, 10.44
4467, 258448, 10, 10.43
4467, 258448, 11, 10.44
4467, 258448, 12, 10.43
4467, 258448, 13, 10.43
4467, 258448, 14, 10.43
4467, 258448, 15, 10.42
4467, 258448, 16, 10.42
4467, 258448, 17, 10.41
4467, 258448, 18, 10.41
4467, 258448, 19, 10.42
4467, 258448, 20, 10.42
4467, 258448, 21, 10.42
4467, 258448, 22, 10.42
4467, 258448, 23, 10.41
4467, 258448, 24, 10.41
4467, 258448, 25, 10.41
4467, 258448, 26, 10.41
4467, 258448, 27, 10.40
4467, 258448, 28, 10.40
4467, 258448, 29, 10.40
4467, 258448, 30, 10.40
4467, 258448, 31, 10.40
4467, 258448, 32, 10.40
4467, 258448, 33, 10.40
4467, 258448, 34, 10.40
4467, 258448, 35, 10.40
4467, 258448, 36, 10.40
4467, 258448, 37, 10.39
4467, 258448, 38, 10.39
4467, 258448, 39, 10.38
4467, 258448, 40, 10.39
4467, 258448, 41, 10.38
4467, 258448, 42, 10.38
4467, 258448, 43, 10.38
4467, 258448, 44, 10.38
4467, 258448, 45, 10.38
4467, 258448, 46, 10.38
4467, 258448, 47, 10.38
4467, 258448, 48, 10.37
4467, 258448, 49, 10.37
4467, 258448, 50, 10.37
4467, 258448, 51, 10.37
4467, 258448, 52, 10.37
4467, 258448, 53, 10.37
4467, 258448, 54, 10.37
4467, 258448, 55, 10.36
4467, 258448, 56, 10.36
4467, 258448, 57, 10.36
4467, 258448, 58, 10.35
4467, 258448, 59, 10.35
4467, 258448, 60, 10.35
4467, 258448, 61, 10.34
4467, 258448, 62, 10.35
4467, 258448, 63, 10.33
4467, 258448, 64, 10.33
4467, 258448, 65, 10.33
4467, 258448, 66, 10.33
4467, 258448, 67, 10.31
4467, 258448, 68, 10.30
4467, 258448, 69, 10.31
4467, 258448, 70, 10.30
4467, 258448, 71, 10.31
4467, 258448, 72, 10.31
4467, 258448, 79, 10.31
4467, 258448, 80, 10.30
4467, 258448, 81, 10.30
4467, 258448, 82, 10.30
4467, 258448, 83, 10.30
4467, 258448, 84, 10.30
4467, 258448, 85, 10.30
4467, 258448, 92, 10.28
4467, 258448, 93, 10.29
4467, 258448, 94, 10.29
4467, 258448, 95, 10.29
4467, 258448, 96, 10.28
4467, 258448, 97, 10.28
4467, 258448, 98, 10.29
4467, 258448, 99, 10.29
4467, 258448, 100, 10.29
4467, 258448, 102, 10.28
4467, 258448, 103, 10.29
4467, 258448, 104, 10.28
4467, 258448, 105, 10.28
4467, 258448, 106, 10.29
4467, 258448, 107, 10.29
4467, 258448, 108, 10.29
4467, 258448, 109, 10.28
4467, 258448, 110, 10.28
4467, 258448, 111, 10.28
4467, 258448, 112, 10.28
4467, 258448, 113, 10.28
4467, 258448, 114, 10.27
4467, 258448, 115, 10.27
4467, 258448, 116, 10.26
4467, 258448, 117, 10.25
4467, 258448, 118, 10.25
4467, 258448, 119, 10.24
4467, 258448, 120, 10.25
4467, 258448, 121, 10.24
4467, 258448, 122, 10.24
4467, 258448, 123, 10.25
4467, 258448, 124, 10.24
4467, 258448, 125, 10.24
4467, 258448, 126, 10.24
4467, 258448, 127, 10.25
4467, 258448, 128, 10.25
4467, 258448, 129, 10.24
4467, 258448, 130, 10.24
4467, 258448, 131, 10.23
4467, 258448, 132, 10.22
4467, 258448, 133, 10.22
4467, 258448, 134, 10.21
4467, 258448, 135, 10.21
4467, 258448, 137, 10.22
4467, 258448, 138, 10.22
4467, 258448, 139, 10.21
4467, 258448, 140, 10.21
4467, 258448, 141, 9.62
4467, 258448, 142, 10.22
4467, 258448, 143, 10.24
4467, 258448, 144, 9.31
4467, 258448, 145, 10.24
4467, 258448, 146, 10.24
4467, 258448, 147, 10.23
4467, 258448, 148, 10.24
4467, 258448, 149, 10.24
4467, 258448, 150, 10.24
4467, 258448, 151, 10.24
4467, 258448, 152, 10.23
4467, 258448, 153, 10.23
4467, 258448, 154, 10.23
4467, 258448, 155, 10.23
4467, 258448, 156, 10.23
4467, 258448, 157, 10.23
4467, 258448, 158, 10.22
4467, 258448, 159, 10.23
4467, 258448, 160, 10.22
4467, 258448, 161, 10.22
4467, 258448, 162, 10.21
4467, 258448, 163, 10.22
4467, 258448, 164, 10.21
4467, 258448, 165, 10.21
4467, 258448, 166, 10.21
4467, 258448, 167, 10.21
4467, 258448, 168, 10.20
4467, 258448, 169, 10.20
4467, 258448, 170, 10.20
4467, 258448, 171, 10.20
4467, 258448, 172, 10.20
4467, 258448, 173, 10.20
4467, 258448, 174, 10.20
4467, 258448, 175, 10.20
4467, 258448, 176, 10.19
4467, 258448, 177, 10.20
4467, 258448, 178, 10.20
4467, 258448, 179, 10.20
4467, 258448, 180, 10.19
4467, 258448, 181, 10.19
4467, 258448, 182, 10.19
4467, 258448, 183, 10.18
4467, 258448, 184, 10.18
4467, 258448, 185, 10.18
4467, 258448, 186, 10.18
4467, 258448, 187, 10.18
4467, 258448, 188, 10.18
4467, 258448, 189, 10.18
4467, 258448, 190, 10.18
4467, 258448, 191, 10.18
4467, 258448, 192, 10.17
4467, 258448, 193, 10.17
4467, 258448, 194, 10.17
4467, 258448, 195, 10.17
4467, 258448, 196, 10.16
4467, 258448, 197, 10.17
4467, 258448, 198, 10.16
4467, 258448, 199, 10.16
4467, 258448, 200, 10.17
4467, 258448, 201, 10.16
4467, 258448, 202, 10.16
4467, 258448, 203, 10.16
4467, 258448, 204, 10.16
4467, 258448, 205, 10.15
4467, 258448, 206, 10.16
4467, 258448, 207, 10.16
4467, 258448, 208, 10.15
4467, 258448, 209, 10.16
4467, 258448, 210, 10.15
4467, 258448, 211, 10.15
4467, 258448, 212, 10.15
4467, 258448, 213, 10.15
4467, 258448, 214, 10.14
4467, 258448, 215, 10.15
4467, 258448, 216, 10.14
4467, 258448, 217, 10.14
4467, 258448, 218, 10.14
4467, 258448, 219, 10.14
4467, 258448, 220, 10.14
4467, 258448, 221, 10.14
4467, 258448, 222, 10.13
4467, 258448, 223, 10.13
4467, 258448, 224, 10.13
4467, 258448, 225, 10.13
4467, 258448, 226, 10.13
4467, 258448, 227, 10.13
4467, 258448, 228, 10.13
4467, 258448, 229, 10.13
4467, 258448, 230, 10.12
4467, 258448, 231, 10.12
4467, 258448, 232, 10.12
4467, 258448, 233, 10.12
4467, 258448, 234, 10.11
4467, 258448, 235, 10.11
4467, 258448, 236, 10.10
4467, 258448, 237, 10.11
4467, 258448, 238, 10.10
4467, 258448, 239, 10.10
4467, 258448, 240, 10.10
4467, 258448, 241, 10.10
4467, 258448, 242, 10.11
4467, 258448, 243, 10.10
4467, 258448, 244, 10.10
4467, 258448, 245, 10.10
4467, 258448, 246, 10.10
4467, 258448, 247, 10.09
4467, 258448, 248, 10.09
4467, 258448, 249, 10.09
4467, 258448, 250, 10.09
4467, 258448, 251, 10.09
4467, 258448, 252, 10.09
4467, 258448, 253, 10.09
4467, 258448, 254, 10.09
4467, 258448, 255, 10.09
4467, 258448, 256, 10.08
4467, 258448, 257, 10.09
4467, 258448, 258, 10.09
4467, 258448, 259, 10.09
4467, 258448, 260, 10.08
4467, 258448, 261, 10.08
4467, 258448, 262, 10.09
4467, 258448, 263, 10.08
4467, 258448, 264, 10.08
4467, 258448, 265, 10.08
4467, 258448, 266, 10.08
4467, 258448, 267, 10.08
4467, 258448, 268, 10.06
4467, 258448, 269, 10.07
4467, 258448, 270, 10.07
4467, 258448, 271, 10.06
4467, 258448, 272, 10.06
4467, 258448, 273, 10.06
4467, 258448, 274, 10.06
4467, 258448, 275, 10.06
4467, 258448, 276, 10.06
4467, 258448, 277, 10.06
4467, 258448, 278, 10.05
4467, 258448, 279, 10.05
4467, 258448, 280, 10.05
4467, 258448, 281, 10.04
4467, 258448, 282, 10.04
4467, 258448, 283, 10.05
4467, 258448, 284, 10.04
4467, 258448, 285, 10.04
4467, 258448, 286, 10.04
4467, 258448, 287, 10.04
4467, 258448, 288, 10.03
4467, 258448, 289, 10.03
4467, 258448, 290, 10.03
4467, 258448, 291, 10.04
4467, 258448, 292, 10.03
4467, 258448, 293, 10.04
4467, 258448, 294, 10.03
4467, 258448, 295, 10.03
4467, 258448, 296, 10.03
4467, 258448, 297, 10.03
4467, 258448, 298, 10.03
4467, 258448, 299, 10.02
4467, 258448, 300, 10.02
4467, 258448, 301, 10.02
4467, 258448, 302, 10.02
4467, 258448, 303, 10.02
4467, 258448, 304, 10.01
4467, 258448, 305, 10.02
4467, 258448, 306, 10.01
4467, 258448, 307, 10.02
4467, 258448, 308, 10.01
4467, 258448, 309, 10.01
4467, 258448, 310, 10.01
4467, 258448, 311, 10.00
4467, 258448, 312, 10.01
4467, 258448, 313, 10.00
4467, 258448, 314, 10.01
4467, 258448, 315, 10.00
4467, 258448, 316, 10.01
4467, 258448, 317, 10.00
4467, 258448, 318, 10.00
4467, 258448, 319, 10.00
4467, 258448, 320, 10.00
4467, 258448, 321, 10.00
4467, 258448, 322, 10.00
4467, 258448, 323, 9.99
4467, 258448, 324, 10.00
4467, 258448, 325, 10.00
4467, 258448, 326, 10.00
4467, 258448, 327, 9.99
4467, 258448, 328, 9.99
4467, 258448, 329, 9.99
4467, 258448, 330, 10.00
4467, 258448, 331, 9.99
4467, 258448, 332, 9.99
4467, 258448, 333, 9.99
4467, 258448, 334, 9.99
4467, 258448, 335, 9.99
4467, 258448, 336, 9.98
4467, 258448, 337, 9.98
4467, 258448, 338, 9.98
4467, 258448, 339, 9.98
4467, 258448, 340, 9.98
4467, 258448, 341, 9.98
4467, 258448, 342, 9.97
4467, 258448, 343, 9.97
4467, 258448, 344, 9.97
4467, 258448, 345, 9.97
4467, 258448, 346, 9.97
4467, 258448, 347, 9.96
4467, 258448, 348, 9.97
4467, 258448, 349, 9.96
4467, 258448, 350, 9.96
4467, 258448, 351, 9.96
4467, 258448, 352, 9.96
4467, 258448, 353, 9.96
4467, 258448, 354, 9.95
4467, 258448, 355, 9.95
4467, 258448, 356, 9.96
4467, 258448, 357, 9.95
4467, 258448, 358, 9.95
4467, 258448, 359, 9.95
4467, 258448, 360, 9.95
4467, 258448, 361, 9.95
4467, 258448, 362, 9.95
4467, 258448, 363, 9.94
4467, 258448, 364, 9.94
4467, 258448, 365, 9.94
4467, 258448, 366, 9.94
4467, 258448, 367, 9.94
4467, 258448, 368, 9.94
4467, 258448, 369, 9.94
4467, 258448, 370, 9.94
4467, 258448, 371, 9.93
4467, 258448, 372, 9.93
4467, 258448, 373, 9.93
4467, 258448, 374, 9.93
4467, 258448, 375, 9.92
4467, 258448, 376, 9.92
4467, 258448, 377, 9.92
4467, 258448, 378, 9.92
4467, 258448, 379, 9.92
4467, 258448, 380, 9.92
4467, 258448, 381, 9.92
4467, 258448, 382, 9.90
4467, 258448, 383, 9.92
4467, 258448, 384, 9.92
4467, 258448, 385, 9.91
4467, 258448, 386, 9.90
4467, 258448, 387, 9.91
4467, 258448, 388, 9.90
4467, 258448, 389, 9.90
4467, 258448, 390, 9.90
4467, 258448, 391, 9.90
4467, 258448, 392, 9.90
4467, 258448, 393, 9.90
4467, 258448, 394, 9.90
4467, 258448, 395, 9.90
4467, 258448, 396, 9.90
4467, 258448, 397, 9.90
4467, 258448, 398, 9.89
4467, 258448, 399, 9.90
4467, 258448, 400, 9.89
4467, 258448, 401, 9.89
4467, 258448, 402, 9.89
4467, 258448, 403, 9.89
4467, 258448, 404, 9.88
4467, 258448, 405, 9.88
4467, 258448, 406, 9.89
4467, 258448, 407, 9.88
4467, 258448, 408, 9.88
4467, 258448, 409, 9.88
4467, 258448, 410, 9.88
4467, 258448, 411, 9.88
4467, 258448, 412, 9.88
4467, 258448, 413, 9.88
4467, 258448, 414, 9.88
4467, 258448, 415, 9.88
4467, 258448, 416, 9.88
4467, 258448, 417, 9.87
4467, 258448, 418, 9.87
4467, 258448, 419, 9.88
4467, 258448, 420, 9.87
4467, 258448, 421, 9.87
4467, 258448, 422, 9.87
4467, 258448, 423, 9.87
4467, 258448, 424, 9.87
4467, 258448, 425, 9.87
4467, 258448, 426, 9.87
4467, 258448, 427, 9.87
4467, 258448, 428, 9.87
4467, 258448, 429, 9.86
4467, 258448, 430, 9.85
4467, 258448, 431, 9.86
4467, 258448, 432, 9.86
4467, 258448, 433, 9.86
4467, 258448, 434, 9.86
4467, 258448, 435, 9.86
4467, 258448, 436, 9.85
4467, 258448, 437, 9.85
4467, 258448, 438, 9.85
4467, 258448, 439, 9.84
4467, 258448, 440, 9.84
4467, 258448, 441, 9.84
4467, 258448, 442, 9.83
4467, 258448, 443, 9.83
4467, 258448, 444, 9.83
4467, 258448, 445, 9.84
4467, 258448, 446, 9.83
4467, 258448, 447, 9.83
4467, 258448, 448, 9.83
4467, 258448, 449, 9.83
4467, 258448, 450, 9.83
4467, 258448, 451, 9.83
4467, 258448, 452, 9.83
4467, 258448, 453, 9.82
4467, 258448, 454, 9.82
4467, 258448, 455, 9.82
4467, 258448, 456, 9.82
4467, 258448, 457, 9.81
4467, 258448, 458, 9.82
4467, 258448, 459, 9.82
4467, 258448, 460, 9.82
4467, 258448, 461, 9.82
4467, 258448, 462, 9.81
4467, 258448, 463, 9.81
4467, 258448, 464, 9.81
4467, 258448, 465, 9.81
4467, 258448, 466, 9.81
4467, 258448, 467, 9.81
4467, 258448, 468, 9.80
4467, 258448, 469, 9.80
4467, 258448, 470, 9.80
4467, 258448, 471, 9.79
4467, 258448, 472, 9.80
4467, 258448, 473, 9.79
4467, 258448, 474, 9.79
4467, 258448, 475, 9.78
4467, 258448, 476, 9.79
4467, 258448, 477, 9.79
4467, 258448, 478, 9.78
4467, 258448, 479, 9.78
4467, 258448, 480, 9.78
4467, 258448, 481, 9.78
4467, 258448, 482, 9.78
4467, 258448, 483, 9.78
4467, 258448, 484, 9.78
4467, 258448, 485, 9.78
4467, 258448, 486, 9.79
4467, 258448, 487, 9.78
4467, 258448, 488, 9.78
4467, 258448, 489, 9.78
4467, 258448, 490, 9.77
4467, 258448, 491, 9.77
4467, 258448, 492, 9.77
4467, 258448, 493, 9.77
4467, 258448, 494, 9.76
4467, 258448, 495, 9.77
4467, 258448, 496, 9.76
4467, 258448, 497, 9.76
4467, 258448, 498, 9.77
4467, 258448, 499, 9.76
4467, 258448, 500, 9.76
4467, 258448, 501, 9.76
4467, 258448, 502, 9.76
4467, 258448, 503, 9.76
4467, 258448, 504, 9.76
4467, 258448, 505, 9.75
4467, 258448, 506, 9.75
4467, 258448, 507, 9.75
4467, 258448, 508, 9.75
4467, 258448, 509, 9.74
4467, 258448, 510, 9.75
4467, 258448, 511, 9.74
4467, 258448, 512, 9.74
4467, 258448, 513, 9.74
4467, 258448, 514, 9.74
4467, 258448, 515, 9.74
4467, 258448, 516, 9.74
4467, 258448, 517, 9.74
4467, 258448, 518, 9.74
4467, 258448, 519, 9.73
4467, 258448, 520, 9.74
4467, 258448, 521, 9.73
4467, 258448, 522, 9.74
4467, 258448, 523, 9.73
4467, 258448, 524, 9.73
4467, 258448, 525, 9.73
4467, 258448, 526, 9.72
4467, 258448, 527, 9.73
4467, 258448, 528, 9.72
4467, 258448, 529, 9.72
4467, 258448, 530, 9.72
4467, 258448, 531, 9.72
4467, 258448, 532, 9.71
4467, 258448, 533, 9.71
4467, 258448, 534, 9.71
4467, 258448, 535, 9.71
4467, 258448, 536, 9.71
4467, 258448, 537, 9.71
4467, 258448, 538, 9.71
4467, 258448, 539, 9.71
4467, 258448, 540, 9.70
4467, 258448, 541, 9.70
4467, 258448, 542, 9.70
4467, 258448, 543, 9.70
4467, 258448, 544, 9.70
4467, 258448, 545, 9.70
4467, 258448, 546, 9.70
4467, 258448, 547, 9.70
4467, 258448, 548, 9.69
4467, 258448, 549, 9.69
4467, 258448, 550, 9.69
4467, 258448, 551, 9.69
4467, 258448, 552, 9.69
4467, 258448, 553, 9.69
4467, 258448, 554, 9.69
4467, 258448, 555, 9.68
4467, 258448, 556, 9.68
4467, 258448, 557, 9.68
4467, 258448, 558, 9.68
4467, 258448, 559, 9.68
4467, 258448, 560, 9.68
4467, 258448, 561, 9.68
4467, 258448, 562, 9.67
4467, 258448, 563, 9.67
4467, 258448, 564, 9.67
4467, 258448, 565, 9.67
4467, 258448, 566, 9.67
4467, 258448, 567, 9.66
4467, 258448, 568, 9.67
4467, 258448, 569, 9.67
4467, 258448, 570, 9.66
4467, 258448, 571, 9.66
4467, 258448, 572, 9.66
4467, 258448, 573, 9.66
4467, 258448, 574, 9.66
4467, 258448, 575, 9.66
4467, 258448, 576, 9.66
4467, 258448, 577, 9.66
4467, 258448, 578, 9.66
4467, 258448, 579, 9.66
4467, 258448, 580, 9.66
4467, 258448, 581, 9.66
4467, 258448, 582, 9.65
4467, 258448, 583, 9.65
4467, 258448, 584, 9.65
4467, 258448, 585, 9.65
4467, 258448, 586, 9.65
4467, 258448, 587, 9.64
4467, 258448, 588, 9.64
4467, 258448, 589, 9.65
4467, 258448, 590, 9.64
4467, 258448, 591, 9.64
4467, 258448, 592, 9.64
4467, 258448, 593, 9.64
4467, 258448, 594, 9.64
4467, 258448, 595, 9.63
4467, 258448, 596, 9.63
4467, 258448, 597, 9.63
4467, 258448, 598, 9.63
4467, 258448, 599, 9.63
4467, 258448, 600, 9.63
4467, 258448, 601, 9.63
4467, 258448, 602, 9.63
4467, 258448, 603, 9.62
4467, 258448, 604, 9.63
4467, 258448, 605, 9.62
4467, 258448, 606, 9.62
4467, 258448, 607, 9.62
4467, 258448, 608, 9.62
4467, 258448, 609, 9.62
4467, 258448, 610, 9.62
4467, 258448, 611, 9.61
4467, 258448, 612, 9.61
4467, 258448, 613, 9.61
4467, 258448, 614, 9.61
4467, 258448, 615, 9.61
4467, 258448, 616, 9.61
4467, 258448, 617, 9.61
4467, 258448, 618, 9.61
4467, 258448, 619, 9.61
4467, 258448, 620, 9.61
4467, 258448, 621, 9.61
4467, 258448, 622, 9.60
4467, 258448, 623, 9.60
4467, 258448, 624, 9.60
4467, 258448, 625, 9.60
4467, 258448, 626, 9.59
4467, 258448, 627, 9.59
4467, 258448, 628, 9.59
4467, 258448, 629, 9.59
4467, 258448, 630, 9.59
4467, 258448, 631, 9.59
4467, 258448, 632, 9.59
4467, 258448, 633, 9.59
4467, 258448, 634, 9.58
4467, 258448, 635, 9.58
4467, 258448, 636, 9.58
4467, 258448, 637, 9.58
4467, 258448, 638, 9.58
4467, 258448, 639, 9.58
4467, 258448, 640, 9.58
4467, 258448, 641, 9.58
4467, 258448, 642, 9.58
4467, 258448, 643, 9.57
4467, 258448, 644, 9.57
4467, 258448, 645, 9.58
4467, 258448, 646, 9.57
4467, 258448, 647, 9.57
4467, 258448, 648, 9.57
4467, 258448, 649, 9.57
4467, 258448, 650, 9.56
4467, 258448, 651, 9.56
4467, 258448, 652, 9.56
4467, 258448, 653, 9.56
4467, 258448, 654, 9.55
4467, 258448, 655, 9.55
4467, 258448, 656, 9.54
4467, 258448, 657, 9.54
4467, 258448, 658, 9.55
4467, 258448, 659, 9.54
4467, 258448, 660, 9.54
4467, 258448, 661, 9.54
4467, 258448, 662, 9.54
4467, 258448, 663, 9.54
4467, 258448, 664, 9.54
4467, 258448, 665, 9.54
4467, 258448, 666, 9.53
4467, 258448, 667, 9.53
4467, 258448, 668, 9.53
4467, 258448, 669, 9.53
4467, 258448, 670, 9.53
4467, 258448, 671, 9.53
4467, 258448, 672, 9.53
4467, 258448, 673, 9.53
4467, 258448, 674, 9.53
4467, 258448, 675, 9.53
4467, 258448, 676, 9.53
4467, 258448, 677, 9.53
4467, 258448, 678, 9.53
4467, 258448, 679, 9.52
4467, 258448, 680, 9.51
4467, 258448, 681, 9.52
4467, 258448, 682, 9.52
4467, 258448, 683, 9.52
4467, 258448, 684, 9.51
4467, 258448, 685, 9.52
4467, 258448, 686, 9.51
4467, 258448, 687, 9.52
4467, 258448, 688, 9.52
4467, 258448, 689, 9.52
4467, 258448, 690, 9.51
4467, 258448, 691, 9.52
4467, 258448, 692, 9.51
4467, 258448, 693, 9.51
4467, 258448, 694, 9.51
4467, 258448, 695, 9.51
4467, 258448, 696, 9.50
4467, 258448, 697, 9.50
4467, 258448, 698, 9.50
4467, 258448, 699, 9.50
4467, 258448, 700, 9.50
4467, 258448, 701, 9.50
4467, 258448, 702, 9.50
4467, 258448, 703, 9.49
4467, 258448, 718, 9.47
4467, 258448, 719, 9.48
4467, 258448, 720, 9.47
4467, 258448, 721, 9.47
4467, 258448, 722, 9.47
4467, 258448, 723, 9.46
4467, 258448, 724, 9.46
4467, 258448, 725, 9.46
4467, 258448, 726, 9.46
4467, 258448, 727, 9.46
4467, 258448, 728, 9.46
4467, 258448, 729, 9.46
4467, 258448, 730, 9.46
4467, 258448, 731, 9.46
